Date,Country,Commodity,weeklyExports,grossNewSales
2023-04-27,CANADA,Corn,2104,3702
2023-04-27,MEXICO,Corn,401532,58092
2023-04-27,GUATEMALA,Corn,57020,17185
2023-04-27,EL SALVADOR,Corn,30515,6749
2023-04-27,HONDURAS,Corn,7937,10535
2023-04-27,NICARAGUA,Corn,0,0
2023-04-27,COSTA RICA,Corn,0,7500
2023-04-27,PANAMA,Corn,0,0
2023-04-27,CUBA,Corn,0,0
2023-04-27,JAMAICA,Corn,7075,10675
2023-04-27,HAITI,Corn,0,0
2023-04-27,DOMINICAN REPUBLIC,Corn,21600,1900
2023-04-27,LEEWARD-WINDWARD ISLANDS,Corn,0,0
2023-04-27,BARBADOS,Corn,0,0
2023-04-27,TRINIDAD AND TOBAGO,Corn,5200,3500
2023-04-27,FRENCH WEST INDIES,Corn,0,3998
2023-04-27,COLOMBIA,Corn,175871,90164
2023-04-27,VENEZUELA,Corn,34164,5566
2023-04-27,GUYANA,Corn,0,0
2023-04-27,SURINAM,Corn,0,0
2023-04-27,PERU,Corn,18084,9084
2023-04-27,CHILE,Corn,0,0
2023-04-27,UNITED KINGDOM,Corn,0,0
2023-04-27,IRELAND,Corn,0,0
2023-04-27,NETHERLANDS,Corn,4895,0
2023-04-27,FRANCE,Corn,0,0
2023-04-27,GERMANY,Corn,0,0
2023-04-27,AUSTRIA,Corn,0,0
2023-04-27,"TAJIKISTAN, REPUBLIC OF",Corn,0,0
2023-04-27,SPAIN,Corn,0,0
2023-04-27,PORTUGAL,Corn,0,0
2023-04-27,ITALY,Corn,0,0
2023-04-27,IRAQ,Corn,0,0
2023-04-27,ISRAEL,Corn,0,0
2023-04-27,JORDAN,Corn,0,0
2023-04-27,SAUDI ARABIA,Corn,0,0
2023-04-27,QATAR,Corn,0,0
2023-04-27,UNITED ARAB EMIRATES,Corn,0,0
2023-04-27,OMAN,Corn,0,0
2023-04-27,VIETNAM,Corn,0,0
2023-04-27,MALAYSIA,Corn,0,0
2023-04-27,PHILIPPINES,Corn,708,0
2023-04-27,"CHINA, PEOPLES REPUBLIC OF",Corn,201757,2621
2023-04-27,"KOREA, REPUBLIC OF",Corn,52449,66398
2023-04-27,HONG KONG,Corn,131,0
2023-04-27,TAIWAN,Corn,75299,4397
2023-04-27,JAPAN,Corn,591845,107117
2023-04-27,"OTHER PACIFIC ISLANDS, NEC",Corn,0,0
2023-04-27,MOROCCO,Corn,11000,1000
2023-04-27,ALGERIA,Corn,0,0
2023-04-27,TUNISIA,Corn,0,0
2023-04-27,EGYPT,Corn,0,0
2023-04-27,NIGERIA,Corn,0,0
2023-04-27,UNKNOWN,Corn,0,70748
2023-05-04,CANADA,Corn,22908,14713
2023-05-04,MEXICO,Corn,389359,97206
2023-05-04,GUATEMALA,Corn,0,4191
2023-05-04,EL SALVADOR,Corn,0,500
2023-05-04,HONDURAS,Corn,0,4671
2023-05-04,NICARAGUA,Corn,9588,452
2023-05-04,COSTA RICA,Corn,38647,11435
2023-05-04,PANAMA,Corn,0,0
2023-05-04,CUBA,Corn,0,0
2023-05-04,JAMAICA,Corn,20999,10500
2023-05-04,HAITI,Corn,0,0
2023-05-04,DOMINICAN REPUBLIC,Corn,0,3000
2023-05-04,LEEWARD-WINDWARD ISLANDS,Corn,0,1000
2023-05-04,BARBADOS,Corn,0,0
2023-05-04,TRINIDAD AND TOBAGO,Corn,0,1000
2023-05-04,FRENCH WEST INDIES,Corn,0,0
2023-05-04,COLOMBIA,Corn,132451,6609
2023-05-04,VENEZUELA,Corn,0,6000
2023-05-04,GUYANA,Corn,0,0
2023-05-04,PERU,Corn,0,200
2023-05-04,CHILE,Corn,0,0
2023-05-04,UNITED KINGDOM,Corn,0,0
2023-05-04,IRELAND,Corn,0,0
2023-05-04,NETHERLANDS,Corn,2629,0
2023-05-04,FRANCE,Corn,0,0
2023-05-04,GERMANY,Corn,0,0
2023-05-04,AUSTRIA,Corn,0,0
2023-05-04,"TAJIKISTAN, REPUBLIC OF",Corn,0,0
2023-05-04,SPAIN,Corn,0,0
2023-05-04,PORTUGAL,Corn,0,0
2023-05-04,ITALY,Corn,0,0
2023-05-04,IRAQ,Corn,0,0
2023-05-04,ISRAEL,Corn,0,0
2023-05-04,JORDAN,Corn,0,0
2023-05-04,SAUDI ARABIA,Corn,0,0
2023-05-04,QATAR,Corn,0,0
2023-05-04,OMAN,Corn,0,0
2023-05-04,VIETNAM,Corn,0,0
2023-05-04,MALAYSIA,Corn,0,0
2023-05-04,INDONESIA,Corn,0,0
2023-05-04,PHILIPPINES,Corn,24,0
2023-05-04,"CHINA, PEOPLES REPUBLIC OF",Corn,138155,3400
2023-05-04,"KOREA, REPUBLIC OF",Corn,69436,5762
2023-05-04,HONG KONG,Corn,108,0
2023-05-04,TAIWAN,Corn,1404,1000
2023-05-04,JAPAN,Corn,320375,62392
2023-05-04,"OTHER PACIFIC ISLANDS, NEC",Corn,0,0
2023-05-04,MOROCCO,Corn,0,0
2023-05-04,ALGERIA,Corn,0,0
2023-05-04,TUNISIA,Corn,0,0
2023-05-04,EGYPT,Corn,0,177
2023-05-04,NIGERIA,Corn,0,0
2023-05-04,UNKNOWN,Corn,0,77724
2023-05-11,CANADA,Corn,774,519
2023-05-11,MEXICO,Corn,414045,17475
2023-05-11,GUATEMALA,Corn,20842,2347
2023-05-11,EL SALVADOR,Corn,9295,1872
2023-05-11,HONDURAS,Corn,6273,23696
2023-05-11,NICARAGUA,Corn,21197,15800
2023-05-11,COSTA RICA,Corn,22189,15250
2023-05-11,PANAMA,Corn,17745,615
2023-05-11,CUBA,Corn,0,0
2023-05-11,JAMAICA,Corn,2899,99
2023-05-11,HAITI,Corn,0,0
2023-05-11,DOMINICAN REPUBLIC,Corn,40553,3550
2023-05-11,LEEWARD-WINDWARD ISLANDS,Corn,0,0
2023-05-11,BARBADOS,Corn,0,0
2023-05-11,TRINIDAD AND TOBAGO,Corn,12200,700
2023-05-11,FRENCH WEST INDIES,Corn,0,0
2023-05-11,COLOMBIA,Corn,0,32444
2023-05-11,VENEZUELA,Corn,6269,569
2023-05-11,GUYANA,Corn,0,0
2023-05-11,PERU,Corn,0,0
2023-05-11,CHILE,Corn,0,0
2023-05-11,UNITED KINGDOM,Corn,0,0
2023-05-11,IRELAND,Corn,0,0
2023-05-11,NETHERLANDS,Corn,4172,15000
2023-05-11,FRANCE,Corn,0,0
2023-05-11,GERMANY,Corn,0,8150
2023-05-11,AUSTRIA,Corn,0,0
2023-05-11,"TAJIKISTAN, REPUBLIC OF",Corn,0,0
2023-05-11,SPAIN,Corn,0,0
2023-05-11,PORTUGAL,Corn,0,0
2023-05-11,ITALY,Corn,0,0
2023-05-11,IRAQ,Corn,0,0
2023-05-11,ISRAEL,Corn,0,0
2023-05-11,JORDAN,Corn,0,0
2023-05-11,SAUDI ARABIA,Corn,0,0
2023-05-11,QATAR,Corn,0,0
2023-05-11,OMAN,Corn,0,0
2023-05-11,BANGLADESH,Corn,0,96
2023-05-11,VIETNAM,Corn,0,0
2023-05-11,MALAYSIA,Corn,0,0
2023-05-11,PHILIPPINES,Corn,329,0
2023-05-11,"CHINA, PEOPLES REPUBLIC OF",Corn,409878,7413
2023-05-11,"KOREA, REPUBLIC OF",Corn,682,139
2023-05-11,HONG KONG,Corn,218,0
2023-05-11,TAIWAN,Corn,3168,1375
2023-05-11,JAPAN,Corn,93788,42333
2023-05-11,"OTHER PACIFIC ISLANDS, NEC",Corn,0,0
2023-05-11,MOROCCO,Corn,0,0
2023-05-11,ALGERIA,Corn,0,0
2023-05-11,TUNISIA,Corn,0,0
2023-05-11,EGYPT,Corn,0,0
2023-05-11,NIGERIA,Corn,0,0
2023-05-11,UNKNOWN,Corn,0,65400
2023-05-18,CANADA,Corn,3672,5578
2023-05-18,MEXICO,Corn,263341,216122
2023-05-18,GUATEMALA,Corn,69956,2516
2023-05-18,EL SALVADOR,Corn,24374,8444
2023-05-18,HONDURAS,Corn,0,17500
2023-05-18,NICARAGUA,Corn,0,1927
2023-05-18,COSTA RICA,Corn,0,37392
2023-05-18,PANAMA,Corn,33000,3000
2023-05-18,CUBA,Corn,0,0
2023-05-18,JAMAICA,Corn,0,18100
2023-05-18,HAITI,Corn,0,0
2023-05-18,DOMINICAN REPUBLIC,Corn,0,7000
2023-05-18,LEEWARD-WINDWARD ISLANDS,Corn,0,0
2023-05-18,BARBADOS,Corn,0,0
2023-05-18,TRINIDAD AND TOBAGO,Corn,0,0
2023-05-18,FRENCH WEST INDIES,Corn,0,0
2023-05-18,COLOMBIA,Corn,171094,37137
2023-05-18,VENEZUELA,Corn,0,0
2023-05-18,GUYANA,Corn,0,0
2023-05-18,PERU,Corn,0,10000
2023-05-18,CHILE,Corn,0,0
2023-05-18,UNITED KINGDOM,Corn,0,0
2023-05-18,IRELAND,Corn,0,0
2023-05-18,NETHERLANDS,Corn,17397,0
2023-05-18,FRANCE,Corn,0,0
2023-05-18,GERMANY,Corn,8150,0
2023-05-18,AUSTRIA,Corn,0,0
2023-05-18,SPAIN,Corn,0,0
2023-05-18,PORTUGAL,Corn,0,0
2023-05-18,ITALY,Corn,0,0
2023-05-18,IRAQ,Corn,0,0
2023-05-18,ISRAEL,Corn,0,0
2023-05-18,JORDAN,Corn,0,0
2023-05-18,SAUDI ARABIA,Corn,0,0
2023-05-18,QATAR,Corn,4,0
2023-05-18,UNITED ARAB EMIRATES,Corn,0,0
2023-05-18,OMAN,Corn,0,0
2023-05-18,BANGLADESH,Corn,0,0
2023-05-18,VIETNAM,Corn,0,0
2023-05-18,MALAYSIA,Corn,463,1500
2023-05-18,PHILIPPINES,Corn,0,0
2023-05-18,"CHINA, PEOPLES REPUBLIC OF",Corn,377437,68497
2023-05-18,"KOREA, REPUBLIC OF",Corn,128,938
2023-05-18,HONG KONG,Corn,0,0
2023-05-18,TAIWAN,Corn,2641,10889
2023-05-18,JAPAN,Corn,511338,1864
2023-05-18,"OTHER PACIFIC ISLANDS, NEC",Corn,0,0
2023-05-18,MOROCCO,Corn,19799,1799
2023-05-18,ALGERIA,Corn,0,0
2023-05-18,TUNISIA,Corn,0,0
2023-05-18,EGYPT,Corn,0,0
2023-05-18,NIGERIA,Corn,0,0
2023-05-18,UNKNOWN,Corn,0,36068
2023-05-25,CANADA,Corn,11398,47
2023-05-25,MEXICO,Corn,280938,189213
2023-05-25,GUATEMALA,Corn,33615,9564
2023-05-25,EL SALVADOR,Corn,39100,17248
2023-05-25,HONDURAS,Corn,0,30674
2023-05-25,NICARAGUA,Corn,51098,0
2023-05-25,COSTA RICA,Corn,63998,12256
2023-05-25,PANAMA,Corn,0,0
2023-05-25,CUBA,Corn,0,0
2023-05-25,JAMAICA,Corn,7225,325
2023-05-25,HAITI,Corn,0,0
2023-05-25,DOMINICAN REPUBLIC,Corn,36277,11847
2023-05-25,LEEWARD-WINDWARD ISLANDS,Corn,2700,700
2023-05-25,BARBADOS,Corn,0,0
2023-05-25,TRINIDAD AND TOBAGO,Corn,0,0
2023-05-25,FRENCH WEST INDIES,Corn,0,0
2023-05-25,COLOMBIA,Corn,68565,53967
2023-05-25,VENEZUELA,Corn,6050,50
2023-05-25,GUYANA,Corn,0,0
2023-05-25,SURINAM,Corn,0,0
2023-05-25,PERU,Corn,23130,1930
2023-05-25,CHILE,Corn,0,0
2023-05-25,UNITED KINGDOM,Corn,0,77
2023-05-25,NETHERLANDS,Corn,18,0
2023-05-25,FRANCE,Corn,0,0
2023-05-25,GERMANY,Corn,0,0
2023-05-25,AUSTRIA,Corn,0,0
2023-05-25,SPAIN,Corn,0,0
2023-05-25,PORTUGAL,Corn,0,0
2023-05-25,ITALY,Corn,0,0
2023-05-25,LEBANON,Corn,0,0
2023-05-25,IRAQ,Corn,0,0
2023-05-25,ISRAEL,Corn,0,0
2023-05-25,JORDAN,Corn,0,0
2023-05-25,SAUDI ARABIA,Corn,71608,1608
2023-05-25,QATAR,Corn,0,0
2023-05-25,OMAN,Corn,0,0
2023-05-25,BANGLADESH,Corn,0,0
2023-05-25,VIETNAM,Corn,0,0
2023-05-25,MALAYSIA,Corn,0,0
2023-05-25,PHILIPPINES,Corn,0,661
2023-05-25,"CHINA, PEOPLES REPUBLIC OF",Corn,465813,6831
2023-05-25,"KOREA, REPUBLIC OF",Corn,69870,362
2023-05-25,HONG KONG,Corn,0,432
2023-05-25,TAIWAN,Corn,4732,0
2023-05-25,JAPAN,Corn,198518,25989
2023-05-25,"OTHER PACIFIC ISLANDS, NEC",Corn,126,126
2023-05-25,MOROCCO,Corn,0,0
2023-05-25,ALGERIA,Corn,0,0
2023-05-25,TUNISIA,Corn,0,0
2023-05-25,EGYPT,Corn,0,0
2023-05-25,NIGERIA,Corn,0,0
2023-05-25,UNKNOWN,Corn,0,5624
2023-06-01,CANADA,Corn,11479,11073
2023-06-01,MEXICO,Corn,276883,103879
2023-06-01,GUATEMALA,Corn,28221,29999
2023-06-01,EL SALVADOR,Corn,16616,6000
2023-06-01,HONDURAS,Corn,43507,59555
2023-06-01,NICARAGUA,Corn,0,0
2023-06-01,COSTA RICA,Corn,18440,8057
2023-06-01,PANAMA,Corn,22260,1060
2023-06-01,JAMAICA,Corn,2869,69
2023-06-01,HAITI,Corn,0,0
2023-06-01,DOMINICAN REPUBLIC,Corn,0,0
2023-06-01,LEEWARD-WINDWARD ISLANDS,Corn,0,0
2023-06-01,BARBADOS,Corn,0,0
2023-06-01,TRINIDAD AND TOBAGO,Corn,0,0
2023-06-01,FRENCH WEST INDIES,Corn,0,0
2023-06-01,COLOMBIA,Corn,32477,2477
2023-06-01,VENEZUELA,Corn,10645,645
2023-06-01,GUYANA,Corn,7549,14849
2023-06-01,PERU,Corn,0,0
2023-06-01,CHILE,Corn,0,0
2023-06-01,UNITED KINGDOM,Corn,19,0
2023-06-01,IRELAND,Corn,0,0
2023-06-01,NETHERLANDS,Corn,4918,0
2023-06-01,FRANCE,Corn,0,0
2023-06-01,GERMANY,Corn,0,0
2023-06-01,AUSTRIA,Corn,0,0
2023-06-01,SPAIN,Corn,0,0
2023-06-01,ITALY,Corn,0,0
2023-06-01,IRAQ,Corn,0,0
2023-06-01,ISRAEL,Corn,0,0
2023-06-01,JORDAN,Corn,0,0
2023-06-01,SAUDI ARABIA,Corn,0,0
2023-06-01,QATAR,Corn,0,0
2023-06-01,OMAN,Corn,0,0
2023-06-01,BANGLADESH,Corn,0,0
2023-06-01,VIETNAM,Corn,0,0
2023-06-01,MALAYSIA,Corn,0,0
2023-06-01,PHILIPPINES,Corn,396,0
2023-06-01,"CHINA, PEOPLES REPUBLIC OF",Corn,403396,13133
2023-06-01,"KOREA, REPUBLIC OF",Corn,161307,3733
2023-06-01,HONG KONG,Corn,173,0
2023-06-01,TAIWAN,Corn,5189,0
2023-06-01,JAPAN,Corn,198396,58865
2023-06-01,NEW ZEALAND,Corn,0,0
2023-06-01,"OTHER PACIFIC ISLANDS, NEC",Corn,0,0
2023-06-01,MOROCCO,Corn,0,0
2023-06-01,TUNISIA,Corn,0,0
2023-06-01,EGYPT,Corn,0,0
2023-06-01,NIGERIA,Corn,0,0
2023-06-01,UNKNOWN,Corn,0,101600
2023-06-08,CANADA,Corn,15490,8394
2023-06-08,MEXICO,Corn,367046,128863
2023-06-08,GUATEMALA,Corn,33002,19645
2023-06-08,EL SALVADOR,Corn,0,0
2023-06-08,HONDURAS,Corn,13990,57886
2023-06-08,NICARAGUA,Corn,0,0
2023-06-08,COSTA RICA,Corn,0,0
2023-06-08,PANAMA,Corn,0,0
2023-06-08,JAMAICA,Corn,0,0
2023-06-08,HAITI,Corn,0,0
2023-06-08,DOMINICAN REPUBLIC,Corn,26399,4399
2023-06-08,LEEWARD-WINDWARD ISLANDS,Corn,0,900
2023-06-08,BARBADOS,Corn,0,3000
2023-06-08,TRINIDAD AND TOBAGO,Corn,0,0
2023-06-08,FRENCH WEST INDIES,Corn,0,0
2023-06-08,COLOMBIA,Corn,139596,40351
2023-06-08,VENEZUELA,Corn,19800,4500
2023-06-08,GUYANA,Corn,0,0
2023-06-08,PERU,Corn,0,0
2023-06-08,CHILE,Corn,0,0
2023-06-08,UNITED KINGDOM,Corn,0,0
2023-06-08,NETHERLANDS,Corn,0,0
2023-06-08,FRANCE,Corn,0,0
2023-06-08,GERMANY,Corn,0,0
2023-06-08,AUSTRIA,Corn,0,0
2023-06-08,SPAIN,Corn,0,0
2023-06-08,ITALY,Corn,0,0
2023-06-08,IRAQ,Corn,0,0
2023-06-08,ISRAEL,Corn,0,0
2023-06-08,JORDAN,Corn,0,0
2023-06-08,SAUDI ARABIA,Corn,0,0
2023-06-08,QATAR,Corn,0,0
2023-06-08,OMAN,Corn,0,0
2023-06-08,BANGLADESH,Corn,0,0
2023-06-08,VIETNAM,Corn,0,0
2023-06-08,MALAYSIA,Corn,0,0
2023-06-08,PHILIPPINES,Corn,302,0
2023-06-08,"CHINA, PEOPLES REPUBLIC OF",Corn,204535,848
2023-06-08,"KOREA, REPUBLIC OF",Corn,67586,3435
2023-06-08,HONG KONG,Corn,399,0
2023-06-08,TAIWAN,Corn,0,9346
2023-06-08,JAPAN,Corn,304482,30500
2023-06-08,NEW ZEALAND,Corn,0,0
2023-06-08,"OTHER PACIFIC ISLANDS, NEC",Corn,0,0
2023-06-08,MOROCCO,Corn,0,0
2023-06-08,TUNISIA,Corn,0,0
2023-06-08,EGYPT,Corn,0,0
2023-06-08,UNKNOWN,Corn,0,3000
2023-06-15,CANADA,Corn,255,1
2023-06-15,MEXICO,Corn,283503,32868
2023-06-15,GUATEMALA,Corn,0,19508
2023-06-15,EL SALVADOR,Corn,0,10750
2023-06-15,HONDURAS,Corn,0,13150
2023-06-15,NICARAGUA,Corn,0,0
2023-06-15,COSTA RICA,Corn,0,0
2023-06-15,PANAMA,Corn,29920,2449
2023-06-15,JAMAICA,Corn,7245,345
2023-06-15,HAITI,Corn,0,0
2023-06-15,DOMINICAN REPUBLIC,Corn,9955,6000
2023-06-15,LEEWARD-WINDWARD ISLANDS,Corn,0,0
2023-06-15,BARBADOS,Corn,0,0
2023-06-15,TRINIDAD AND TOBAGO,Corn,0,2100
2023-06-15,FRENCH WEST INDIES,Corn,0,0
2023-06-15,COLOMBIA,Corn,0,0
2023-06-15,VENEZUELA,Corn,0,0
2023-06-15,GUYANA,Corn,0,0
2023-06-15,SURINAM,Corn,0,0
2023-06-15,PERU,Corn,0,0
2023-06-15,CHILE,Corn,0,0
2023-06-15,UNITED KINGDOM,Corn,63,0
2023-06-15,NETHERLANDS,Corn,2699,0
2023-06-15,FRANCE,Corn,0,0
2023-06-15,GERMANY,Corn,0,0
2023-06-15,AUSTRIA,Corn,0,0
2023-06-15,SPAIN,Corn,0,0
2023-06-15,PORTUGAL,Corn,0,0
2023-06-15,ITALY,Corn,0,0
2023-06-15,IRAQ,Corn,0,0
2023-06-15,ISRAEL,Corn,0,9000
2023-06-15,JORDAN,Corn,0,0
2023-06-15,SAUDI ARABIA,Corn,0,0
2023-06-15,QATAR,Corn,0,0
2023-06-15,OMAN,Corn,0,0
2023-06-15,BANGLADESH,Corn,0,0
2023-06-15,VIETNAM,Corn,0,0
2023-06-15,MALAYSIA,Corn,322,0
2023-06-15,PHILIPPINES,Corn,0,0
2023-06-15,"CHINA, PEOPLES REPUBLIC OF",Corn,179113,2747
2023-06-15,"KOREA, REPUBLIC OF",Corn,544,160
2023-06-15,HONG KONG,Corn,1821,1821
2023-06-15,TAIWAN,Corn,1929,1014
2023-06-15,JAPAN,Corn,150947,44903
2023-06-15,NEW ZEALAND,Corn,0,0
2023-06-15,"OTHER PACIFIC ISLANDS, NEC",Corn,0,0
2023-06-15,MOROCCO,Corn,0,0
2023-06-15,TUNISIA,Corn,0,0
2023-06-15,EGYPT,Corn,0,0
2023-06-15,UNKNOWN,Corn,0,0
2023-06-22,CANADA,Corn,3792,24
2023-06-22,MEXICO,Corn,315631,93606
2023-06-22,GUATEMALA,Corn,6154,4034
2023-06-22,EL SALVADOR,Corn,24440,1765
2023-06-22,HONDURAS,Corn,17172,17100
2023-06-22,NICARAGUA,Corn,0,0
2023-06-22,COSTA RICA,Corn,0,0
2023-06-22,PANAMA,Corn,19740,940
2023-06-22,JAMAICA,Corn,0,18100
2023-06-22,HAITI,Corn,0,0
2023-06-22,DOMINICAN REPUBLIC,Corn,0,550
2023-06-22,LEEWARD-WINDWARD ISLANDS,Corn,0,0
2023-06-22,BARBADOS,Corn,0,0
2023-06-22,TRINIDAD AND TOBAGO,Corn,0,0
2023-06-22,FRENCH WEST INDIES,Corn,0,2000
2023-06-22,COLOMBIA,Corn,53445,5612
2023-06-22,VENEZUELA,Corn,13946,946
2023-06-22,GUYANA,Corn,0,0
2023-06-22,PERU,Corn,0,0
2023-06-22,CHILE,Corn,0,0
2023-06-22,UNITED KINGDOM,Corn,0,0
2023-06-22,IRELAND,Corn,0,0
2023-06-22,NETHERLANDS,Corn,179,0
2023-06-22,FRANCE,Corn,0,0
2023-06-22,GERMANY,Corn,0,0
2023-06-22,AUSTRIA,Corn,0,0
2023-06-22,SPAIN,Corn,0,0
2023-06-22,ITALY,Corn,0,0
2023-06-22,IRAQ,Corn,0,0
2023-06-22,ISRAEL,Corn,0,0
2023-06-22,JORDAN,Corn,0,0
2023-06-22,SAUDI ARABIA,Corn,0,0
2023-06-22,QATAR,Corn,0,0
2023-06-22,OMAN,Corn,0,0
2023-06-22,BANGLADESH,Corn,0,0
2023-06-22,VIETNAM,Corn,0,0
2023-06-22,MALAYSIA,Corn,0,0
2023-06-22,PHILIPPINES,Corn,0,0
2023-06-22,"CHINA, PEOPLES REPUBLIC OF",Corn,9,9
2023-06-22,"KOREA, REPUBLIC OF",Corn,10,0
2023-06-22,HONG KONG,Corn,1110,863
2023-06-22,TAIWAN,Corn,11338,18495
2023-06-22,JAPAN,Corn,138338,43300
2023-06-22,NEW ZEALAND,Corn,0,0
2023-06-22,"OTHER PACIFIC ISLANDS, NEC",Corn,0,0
2023-06-22,MOROCCO,Corn,0,0
2023-06-22,TUNISIA,Corn,0,0
2023-06-22,EGYPT,Corn,0,0
2023-06-22,UNKNOWN,Corn,0,25400
2023-06-29,CANADA,Corn,953,1293
2023-06-29,MEXICO,Corn,217674,174976
2023-06-29,GUATEMALA,Corn,82368,3541
2023-06-29,EL SALVADOR,Corn,15219,3281
2023-06-29,HONDURAS,Corn,0,58405
2023-06-29,NICARAGUA,Corn,21133,35
2023-06-29,COSTA RICA,Corn,5540,2540
2023-06-29,PANAMA,Corn,0,0
2023-06-29,CUBA,Corn,0,0
2023-06-29,JAMAICA,Corn,2839,38
2023-06-29,HAITI,Corn,0,0
2023-06-29,DOMINICAN REPUBLIC,Corn,3500,9620
2023-06-29,LEEWARD-WINDWARD ISLANDS,Corn,0,0
2023-06-29,BARBADOS,Corn,0,0
2023-06-29,TRINIDAD AND TOBAGO,Corn,0,0
2023-06-29,FRENCH WEST INDIES,Corn,0,0
2023-06-29,COLOMBIA,Corn,1650,150
2023-06-29,VENEZUELA,Corn,10000,4000
2023-06-29,GUYANA,Corn,0,0
2023-06-29,PERU,Corn,0,0
2023-06-29,CHILE,Corn,0,0
2023-06-29,UNITED KINGDOM,Corn,22,0
2023-06-29,NETHERLANDS,Corn,19,0
2023-06-29,FRANCE,Corn,0,0
2023-06-29,GERMANY,Corn,0,0
2023-06-29,AUSTRIA,Corn,0,0
2023-06-29,SPAIN,Corn,0,0
2023-06-29,ITALY,Corn,0,0
2023-06-29,IRAQ,Corn,0,0
2023-06-29,ISRAEL,Corn,0,0
2023-06-29,JORDAN,Corn,0,0
2023-06-29,SAUDI ARABIA,Corn,0,0
2023-06-29,QATAR,Corn,0,0
2023-06-29,OMAN,Corn,0,0
2023-06-29,BANGLADESH,Corn,0,0
2023-06-29,VIETNAM,Corn,0,0
2023-06-29,MALAYSIA,Corn,67,67
2023-06-29,PHILIPPINES,Corn,217,0
2023-06-29,"CHINA, PEOPLES REPUBLIC OF",Corn,68910,810
2023-06-29,"KOREA, REPUBLIC OF",Corn,2999,1634
2023-06-29,HONG KONG,Corn,0,0
2023-06-29,TAIWAN,Corn,1844,12571
2023-06-29,JAPAN,Corn,272502,5277
2023-06-29,NEW ZEALAND,Corn,0,0
2023-06-29,"OTHER PACIFIC ISLANDS, NEC",Corn,0,0
2023-06-29,MOROCCO,Corn,0,0
2023-06-29,EGYPT,Corn,0,0
2023-06-29,UNKNOWN,Corn,0,94876
2023-07-06,CANADA,Corn,22465,111823
2023-07-06,MEXICO,Corn,271764,272302
2023-07-06,GUATEMALA,Corn,0,0
2023-07-06,EL SALVADOR,Corn,0,0
2023-07-06,HONDURAS,Corn,11100,52000
2023-07-06,NICARAGUA,Corn,0,0
2023-07-06,COSTA RICA,Corn,33041,2051
2023-07-06,PANAMA,Corn,0,0
2023-07-06,CUBA,Corn,0,0
2023-07-06,JAMAICA,Corn,0,0
2023-07-06,HAITI,Corn,0,0
2023-07-06,DOMINICAN REPUBLIC,Corn,0,0
2023-07-06,LEEWARD-WINDWARD ISLANDS,Corn,741,0
2023-07-06,BARBADOS,Corn,4100,100
2023-07-06,TRINIDAD AND TOBAGO,Corn,4389,889
2023-07-06,FRENCH WEST INDIES,Corn,0,0
2023-07-06,COLOMBIA,Corn,21795,33795
2023-07-06,VENEZUELA,Corn,10200,0
2023-07-06,GUYANA,Corn,2929,0
2023-07-06,PERU,Corn,0,0
2023-07-06,CHILE,Corn,0,0
2023-07-06,UNITED KINGDOM,Corn,22,0
2023-07-06,NETHERLANDS,Corn,18,0
2023-07-06,FRANCE,Corn,0,0
2023-07-06,GERMANY,Corn,0,0
2023-07-06,AUSTRIA,Corn,0,0
2023-07-06,SPAIN,Corn,0,0
2023-07-06,ITALY,Corn,0,0
2023-07-06,IRAQ,Corn,0,0
2023-07-06,ISRAEL,Corn,0,0
2023-07-06,JORDAN,Corn,0,52
2023-07-06,SAUDI ARABIA,Corn,0,0
2023-07-06,QATAR,Corn,0,0
2023-07-06,OMAN,Corn,0,0
2023-07-06,BANGLADESH,Corn,0,0
2023-07-06,THAILAND,Corn,0,1000
2023-07-06,VIETNAM,Corn,0,0
2023-07-06,MALAYSIA,Corn,0,0
2023-07-06,INDONESIA,Corn,0,0
2023-07-06,PHILIPPINES,Corn,0,0
2023-07-06,"CHINA, PEOPLES REPUBLIC OF",Corn,0,0
2023-07-06,"KOREA, REPUBLIC OF",Corn,215,400
2023-07-06,HONG KONG,Corn,0,0
2023-07-06,TAIWAN,Corn,16509,15799
2023-07-06,JAPAN,Corn,93297,11326
2023-07-06,NEW ZEALAND,Corn,0,0
2023-07-06,"OTHER PACIFIC ISLANDS, NEC",Corn,126,126
2023-07-06,MOROCCO,Corn,0,0
2023-07-06,EGYPT,Corn,0,275
2023-07-06,UNKNOWN,Corn,0,9144
2023-07-13,CANADA,Corn,24141,2180
2023-07-13,MEXICO,Corn,210099,120982
2023-07-13,GUATEMALA,Corn,0,2235
2023-07-13,EL SALVADOR,Corn,0,0
2023-07-13,HONDURAS,Corn,7630,36538
2023-07-13,NICARAGUA,Corn,0,0
2023-07-13,COSTA RICA,Corn,0,0
2023-07-13,PANAMA,Corn,4560,0
2023-07-13,CUBA,Corn,0,0
2023-07-13,JAMAICA,Corn,0,0
2023-07-13,HAITI,Corn,0,0
2023-07-13,DOMINICAN REPUBLIC,Corn,0,0
2023-07-13,LEEWARD-WINDWARD ISLANDS,Corn,0,0
2023-07-13,BARBADOS,Corn,0,0
2023-07-13,TRINIDAD AND TOBAGO,Corn,0,0
2023-07-13,FRENCH WEST INDIES,Corn,0,3700
2023-07-13,COLOMBIA,Corn,24421,86000
2023-07-13,VENEZUELA,Corn,0,0
2023-07-13,GUYANA,Corn,0,0
2023-07-13,SURINAM,Corn,0,0
2023-07-13,PERU,Corn,0,0
2023-07-13,CHILE,Corn,0,0
2023-07-13,ARGENTINA,Corn,0,0
2023-07-13,UNITED KINGDOM,Corn,19,0
2023-07-13,IRELAND,Corn,0,15000
2023-07-13,NETHERLANDS,Corn,0,0
2023-07-13,FRANCE,Corn,0,0
2023-07-13,GERMANY,Corn,0,0
2023-07-13,AUSTRIA,Corn,0,0
2023-07-13,SPAIN,Corn,0,0
2023-07-13,ITALY,Corn,0,0
2023-07-13,IRAQ,Corn,0,0
2023-07-13,ISRAEL,Corn,0,0
2023-07-13,JORDAN,Corn,0,0
2023-07-13,SAUDI ARABIA,Corn,0,0
2023-07-13,QATAR,Corn,0,0
2023-07-13,OMAN,Corn,0,0
2023-07-13,BANGLADESH,Corn,0,0
2023-07-13,THAILAND,Corn,0,0
2023-07-13,VIETNAM,Corn,0,0
2023-07-13,MALAYSIA,Corn,0,0
2023-07-13,PHILIPPINES,Corn,140,0
2023-07-13,"CHINA, PEOPLES REPUBLIC OF",Corn,70569,2469
2023-07-13,"KOREA, REPUBLIC OF",Corn,413,0
2023-07-13,HONG KONG,Corn,218,218
2023-07-13,TAIWAN,Corn,3206,5723
2023-07-13,JAPAN,Corn,38414,15240
2023-07-13,NEW ZEALAND,Corn,0,0
2023-07-13,"OTHER PACIFIC ISLANDS, NEC",Corn,0,0
2023-07-13,MOROCCO,Corn,0,0
2023-07-13,TUNISIA,Corn,0,0
2023-07-13,EGYPT,Corn,0,0
2023-07-13,UNKNOWN,Corn,0,122239
2023-07-20,CANADA,Corn,22259,70850
2023-07-20,MEXICO,Corn,175921,161125
2023-07-20,GUATEMALA,Corn,62337,1499
2023-07-20,EL SALVADOR,Corn,27416,960
2023-07-20,HONDURAS,Corn,56658,85319
2023-07-20,NICARAGUA,Corn,0,0
2023-07-20,COSTA RICA,Corn,0,0
2023-07-20,PANAMA,Corn,0,0
2023-07-20,CUBA,Corn,0,0
2023-07-20,JAMAICA,Corn,0,0
2023-07-20,HAITI,Corn,0,0
2023-07-20,DOMINICAN REPUBLIC,Corn,0,0
2023-07-20,LEEWARD-WINDWARD ISLANDS,Corn,0,0
2023-07-20,BARBADOS,Corn,0,0
2023-07-20,TRINIDAD AND TOBAGO,Corn,0,0
2023-07-20,FRENCH WEST INDIES,Corn,0,0
2023-07-20,COLOMBIA,Corn,0,0
2023-07-20,VENEZUELA,Corn,0,26000
2023-07-20,GUYANA,Corn,0,0
2023-07-20,PERU,Corn,0,0
2023-07-20,CHILE,Corn,0,0
2023-07-20,ARGENTINA,Corn,0,0
2023-07-20,UNITED KINGDOM,Corn,0,0
2023-07-20,IRELAND,Corn,0,0
2023-07-20,NETHERLANDS,Corn,0,0
2023-07-20,FRANCE,Corn,0,0
2023-07-20,GERMANY,Corn,0,0
2023-07-20,AUSTRIA,Corn,0,0
2023-07-20,SPAIN,Corn,0,0
2023-07-20,ITALY,Corn,0,0
2023-07-20,IRAQ,Corn,0,0
2023-07-20,ISRAEL,Corn,0,0
2023-07-20,JORDAN,Corn,0,0
2023-07-20,SAUDI ARABIA,Corn,0,0
2023-07-20,QATAR,Corn,0,0
2023-07-20,OMAN,Corn,0,0
2023-07-20,BANGLADESH,Corn,0,0
2023-07-20,THAILAND,Corn,0,0
2023-07-20,VIETNAM,Corn,0,200
2023-07-20,MALAYSIA,Corn,0,0
2023-07-20,PHILIPPINES,Corn,0,0
2023-07-20,"CHINA, PEOPLES REPUBLIC OF",Corn,0,0
2023-07-20,"KOREA, REPUBLIC OF",Corn,109,0
2023-07-20,HONG KONG,Corn,0,0
2023-07-20,TAIWAN,Corn,8239,3839
2023-07-20,JAPAN,Corn,56203,64000
2023-07-20,NEW ZEALAND,Corn,0,0
2023-07-20,"OTHER PACIFIC ISLANDS, NEC",Corn,0,0
2023-07-20,MOROCCO,Corn,0,0
2023-07-20,EGYPT,Corn,0,0
2023-07-20,UNKNOWN,Corn,0,0
2023-07-27,CANADA,Corn,25802,967
2023-07-27,MEXICO,Corn,371292,88311
2023-07-27,GUATEMALA,Corn,3200,8103
2023-07-27,EL SALVADOR,Corn,4886,6300
2023-07-27,HONDURAS,Corn,15305,3005
2023-07-27,NICARAGUA,Corn,15591,591
2023-07-27,COSTA RICA,Corn,0,0
2023-07-27,PANAMA,Corn,0,0
2023-07-27,CUBA,Corn,0,0
2023-07-27,JAMAICA,Corn,7190,19591
2023-07-27,HAITI,Corn,0,0
2023-07-27,DOMINICAN REPUBLIC,Corn,0,0
2023-07-27,LEEWARD-WINDWARD ISLANDS,Corn,824,0
2023-07-27,BARBADOS,Corn,4840,1840
2023-07-27,TRINIDAD AND TOBAGO,Corn,13700,1100
2023-07-27,FRENCH WEST INDIES,Corn,0,3525
2023-07-27,COLOMBIA,Corn,0,0
2023-07-27,VENEZUELA,Corn,13173,1173
2023-07-27,GUYANA,Corn,0,0
2023-07-27,PERU,Corn,0,0
2023-07-27,CHILE,Corn,0,0
2023-07-27,UNITED KINGDOM,Corn,0,0
2023-07-27,IRELAND,Corn,0,0
2023-07-27,NETHERLANDS,Corn,0,0
2023-07-27,FRANCE,Corn,0,0
2023-07-27,GERMANY,Corn,0,0
2023-07-27,AUSTRIA,Corn,0,0
2023-07-27,SPAIN,Corn,0,0
2023-07-27,ITALY,Corn,0,0
2023-07-27,ROMANIA,Corn,0,0
2023-07-27,IRAQ,Corn,0,0
2023-07-27,ISRAEL,Corn,0,0
2023-07-27,JORDAN,Corn,0,0
2023-07-27,SAUDI ARABIA,Corn,0,0
2023-07-27,QATAR,Corn,0,0
2023-07-27,OMAN,Corn,0,0
2023-07-27,BANGLADESH,Corn,0,0
2023-07-27,THAILAND,Corn,0,0
2023-07-27,VIETNAM,Corn,0,786
2023-07-27,MALAYSIA,Corn,0,0
2023-07-27,PHILIPPINES,Corn,438,0
2023-07-27,"CHINA, PEOPLES REPUBLIC OF",Corn,100,0
2023-07-27,"KOREA, REPUBLIC OF",Corn,106,0
2023-07-27,HONG KONG,Corn,0,0
2023-07-27,TAIWAN,Corn,7686,3100
2023-07-27,JAPAN,Corn,142035,55000
2023-07-27,NEW ZEALAND,Corn,0,0
2023-07-27,"OTHER PACIFIC ISLANDS, NEC",Corn,0,0
2023-07-27,MOROCCO,Corn,0,0
2023-07-27,EGYPT,Corn,0,38000
2023-07-27,UNKNOWN,Corn,0,1524
2023-08-03,CANADA,Corn,11639,13725
2023-08-03,MEXICO,Corn,281936,47703
2023-08-03,GUATEMALA,Corn,0,0
2023-08-03,EL SALVADOR,Corn,0,0
2023-08-03,HONDURAS,Corn,0,26000
2023-08-03,NICARAGUA,Corn,0,0
2023-08-03,COSTA RICA,Corn,7150,0
2023-08-03,PANAMA,Corn,0,0
2023-08-03,JAMAICA,Corn,7259,359
2023-08-03,HAITI,Corn,0,0
2023-08-03,DOMINICAN REPUBLIC,Corn,0,0
2023-08-03,LEEWARD-WINDWARD ISLANDS,Corn,0,2700
2023-08-03,BARBADOS,Corn,0,0
2023-08-03,TRINIDAD AND TOBAGO,Corn,0,0
2023-08-03,FRENCH WEST INDIES,Corn,0,0
2023-08-03,COLOMBIA,Corn,0,57000
2023-08-03,VENEZUELA,Corn,0,17000
2023-08-03,GUYANA,Corn,0,0
2023-08-03,SURINAM,Corn,0,0
2023-08-03,PERU,Corn,0,0
2023-08-03,CHILE,Corn,0,0
2023-08-03,UNITED KINGDOM,Corn,0,0
2023-08-03,IRELAND,Corn,0,0
2023-08-03,NETHERLANDS,Corn,0,0
2023-08-03,FRANCE,Corn,0,0
2023-08-03,GERMANY,Corn,0,0
2023-08-03,AUSTRIA,Corn,0,0
2023-08-03,SPAIN,Corn,0,0
2023-08-03,ITALY,Corn,0,0
2023-08-03,IRAQ,Corn,0,0
2023-08-03,ISRAEL,Corn,0,0
2023-08-03,JORDAN,Corn,0,0
2023-08-03,SAUDI ARABIA,Corn,54998,0
2023-08-03,QATAR,Corn,0,0
2023-08-03,OMAN,Corn,0,0
2023-08-03,BANGLADESH,Corn,0,0
2023-08-03,THAILAND,Corn,0,0
2023-08-03,VIETNAM,Corn,0,0
2023-08-03,MALAYSIA,Corn,0,0
2023-08-03,PHILIPPINES,Corn,185,0
2023-08-03,"CHINA, PEOPLES REPUBLIC OF",Corn,0,200
2023-08-03,"KOREA, REPUBLIC OF",Corn,1301,1000
2023-08-03,HONG KONG,Corn,0,651
2023-08-03,TAIWAN,Corn,11378,22
2023-08-03,JAPAN,Corn,102580,15500
2023-08-03,NEW ZEALAND,Corn,0,0
2023-08-03,"OTHER PACIFIC ISLANDS, NEC",Corn,0,0
2023-08-03,MOROCCO,Corn,0,0
2023-08-03,TUNISIA,Corn,0,0
2023-08-03,EGYPT,Corn,0,0
2023-08-03,NIGERIA,Corn,0,0
2023-08-03,UNKNOWN,Corn,0,0
2023-08-10,CANADA,Corn,36501,546
2023-08-10,MEXICO,Corn,234542,87800
2023-08-10,GUATEMALA,Corn,0,0
2023-08-10,EL SALVADOR,Corn,0,0
2023-08-10,HONDURAS,Corn,0,23990
2023-08-10,NICARAGUA,Corn,0,15000
2023-08-10,COSTA RICA,Corn,0,0
2023-08-10,PANAMA,Corn,0,0
2023-08-10,JAMAICA,Corn,2728,0
2023-08-10,HAITI,Corn,0,0
2023-08-10,DOMINICAN REPUBLIC,Corn,0,5000
2023-08-10,LEEWARD-WINDWARD ISLANDS,Corn,2716,16
2023-08-10,BARBADOS,Corn,0,0
2023-08-10,TRINIDAD AND TOBAGO,Corn,0,0
2023-08-10,FRENCH WEST INDIES,Corn,0,0
2023-08-10,COLOMBIA,Corn,0,25500
2023-08-10,VENEZUELA,Corn,42082,0
2023-08-10,GUYANA,Corn,0,0
2023-08-10,PERU,Corn,0,0
2023-08-10,CHILE,Corn,0,0
2023-08-10,UNITED KINGDOM,Corn,0,0
2023-08-10,IRELAND,Corn,0,0
2023-08-10,NETHERLANDS,Corn,0,0
2023-08-10,FRANCE,Corn,0,0
2023-08-10,GERMANY,Corn,0,0
2023-08-10,AUSTRIA,Corn,0,0
2023-08-10,SPAIN,Corn,0,0
2023-08-10,ITALY,Corn,0,0
2023-08-10,IRAQ,Corn,0,0
2023-08-10,ISRAEL,Corn,0,0
2023-08-10,JORDAN,Corn,0,0
2023-08-10,SAUDI ARABIA,Corn,0,0
2023-08-10,QATAR,Corn,0,0
2023-08-10,OMAN,Corn,0,0
2023-08-10,BANGLADESH,Corn,0,0
2023-08-10,THAILAND,Corn,0,0
2023-08-10,VIETNAM,Corn,0,0
2023-08-10,MALAYSIA,Corn,0,0
2023-08-10,PHILIPPINES,Corn,0,0
2023-08-10,"CHINA, PEOPLES REPUBLIC OF",Corn,70011,2116
2023-08-10,"KOREA, REPUBLIC OF",Corn,200,265
2023-08-10,HONG KONG,Corn,0,0
2023-08-10,TAIWAN,Corn,8157,1500
2023-08-10,JAPAN,Corn,47905,0
2023-08-10,NEW ZEALAND,Corn,0,0
2023-08-10,"OTHER PACIFIC ISLANDS, NEC",Corn,0,0
2023-08-10,MOROCCO,Corn,0,0
2023-08-10,TUNISIA,Corn,0,0
2023-08-10,EGYPT,Corn,0,0
2023-08-10,UNKNOWN,Corn,0,100000
2023-08-17,CANADA,Corn,22617,775
2023-08-17,MEXICO,Corn,243967,15028
2023-08-17,GUATEMALA,Corn,13693,0
2023-08-17,EL SALVADOR,Corn,0,0
2023-08-17,HONDURAS,Corn,46533,13176
2023-08-17,NICARAGUA,Corn,0,0
2023-08-17,COSTA RICA,Corn,0,0
2023-08-17,PANAMA,Corn,0,0
2023-08-17,JAMAICA,Corn,7149,249
2023-08-17,HAITI,Corn,0,0
2023-08-17,DOMINICAN REPUBLIC,Corn,0,0
2023-08-17,LEEWARD-WINDWARD ISLANDS,Corn,0,0
2023-08-17,BARBADOS,Corn,0,0
2023-08-17,TRINIDAD AND TOBAGO,Corn,0,0
2023-08-17,FRENCH WEST INDIES,Corn,0,0
2023-08-17,COLOMBIA,Corn,0,15000
2023-08-17,VENEZUELA,Corn,0,0
2023-08-17,GUYANA,Corn,0,0
2023-08-17,SURINAM,Corn,0,0
2023-08-17,PERU,Corn,0,0
2023-08-17,CHILE,Corn,0,0
2023-08-17,UNITED KINGDOM,Corn,42,0
2023-08-17,IRELAND,Corn,0,0
2023-08-17,NETHERLANDS,Corn,0,0
2023-08-17,FRANCE,Corn,0,0
2023-08-17,GERMANY,Corn,0,0
2023-08-17,AUSTRIA,Corn,0,0
2023-08-17,SPAIN,Corn,0,0
2023-08-17,ITALY,Corn,0,0
2023-08-17,IRAQ,Corn,0,0
2023-08-17,ISRAEL,Corn,0,0
2023-08-17,JORDAN,Corn,0,0
2023-08-17,SAUDI ARABIA,Corn,0,0
2023-08-17,QATAR,Corn,0,0
2023-08-17,OMAN,Corn,0,0
2023-08-17,BANGLADESH,Corn,0,500
2023-08-17,THAILAND,Corn,0,0
2023-08-17,VIETNAM,Corn,0,0
2023-08-17,MALAYSIA,Corn,0,0
2023-08-17,INDONESIA,Corn,0,0
2023-08-17,PHILIPPINES,Corn,0,0
2023-08-17,"CHINA, PEOPLES REPUBLIC OF",Corn,69634,1634
2023-08-17,"KOREA, REPUBLIC OF",Corn,2015,100
2023-08-17,HONG KONG,Corn,0,0
2023-08-17,TAIWAN,Corn,4345,500
2023-08-17,JAPAN,Corn,86357,8522
2023-08-17,"OTHER PACIFIC ISLANDS, NEC",Corn,120,120
2023-08-17,MOROCCO,Corn,0,0
2023-08-17,TUNISIA,Corn,0,0
2023-08-17,EGYPT,Corn,0,0
2023-08-17,UNKNOWN,Corn,0,4800
2023-08-24,CANADA,Corn,35240,73
2023-08-24,MEXICO,Corn,218948,13935
2023-08-24,GUATEMALA,Corn,0,0
2023-08-24,EL SALVADOR,Corn,16331,1031
2023-08-24,HONDURAS,Corn,34011,0
2023-08-24,NICARAGUA,Corn,15332,332
2023-08-24,COSTA RICA,Corn,0,0
2023-08-24,PANAMA,Corn,0,0
2023-08-24,JAMAICA,Corn,4694,1894
2023-08-24,HAITI,Corn,0,0
2023-08-24,DOMINICAN REPUBLIC,Corn,0,0
2023-08-24,LEEWARD-WINDWARD ISLANDS,Corn,0,0
2023-08-24,BARBADOS,Corn,0,0
2023-08-24,TRINIDAD AND TOBAGO,Corn,0,0
2023-08-24,FRENCH WEST INDIES,Corn,0,0
2023-08-24,COLOMBIA,Corn,137307,67026
2023-08-24,VENEZUELA,Corn,0,0
2023-08-24,GUYANA,Corn,0,0
2023-08-24,SURINAM,Corn,0,0
2023-08-24,PERU,Corn,0,0
2023-08-24,CHILE,Corn,0,0
2023-08-24,UNITED KINGDOM,Corn,49522,4500
2023-08-24,IRELAND,Corn,0,0
2023-08-24,NETHERLANDS,Corn,0,0
2023-08-24,FRANCE,Corn,0,0
2023-08-24,GERMANY,Corn,0,0
2023-08-24,AUSTRIA,Corn,0,0
2023-08-24,SPAIN,Corn,57999,4999
2023-08-24,ITALY,Corn,0,0
2023-08-24,IRAQ,Corn,0,0
2023-08-24,ISRAEL,Corn,0,0
2023-08-24,JORDAN,Corn,0,0
2023-08-24,SAUDI ARABIA,Corn,0,0
2023-08-24,QATAR,Corn,0,0
2023-08-24,OMAN,Corn,0,0
2023-08-24,BANGLADESH,Corn,0,0
2023-08-24,THAILAND,Corn,0,0
2023-08-24,VIETNAM,Corn,786,0
2023-08-24,MALAYSIA,Corn,0,0
2023-08-24,PHILIPPINES,Corn,0,0
2023-08-24,"CHINA, PEOPLES REPUBLIC OF",Corn,0,0
2023-08-24,"KOREA, REPUBLIC OF",Corn,287,0
2023-08-24,HONG KONG,Corn,326,1306
2023-08-24,TAIWAN,Corn,13359,251
2023-08-24,JAPAN,Corn,79241,1507
2023-08-24,"OTHER PACIFIC ISLANDS, NEC",Corn,0,0
2023-08-24,MOROCCO,Corn,0,0
2023-08-24,TUNISIA,Corn,0,0
2023-08-24,EGYPT,Corn,0,26
2023-08-24,UNKNOWN,Corn,0,58000
2023-08-31,CANADA,Corn,810,189
2023-08-31,MEXICO,Corn,279251,64817
2023-08-31,GUATEMALA,Corn,0,0
2023-08-31,EL SALVADOR,Corn,0,0
2023-08-31,HONDURAS,Corn,13000,13778
2023-08-31,NICARAGUA,Corn,0,0
2023-08-31,COSTA RICA,Corn,0,0
2023-08-31,PANAMA,Corn,0,0
2023-08-31,JAMAICA,Corn,17989,0
2023-08-31,DOMINICAN REPUBLIC,Corn,0,0
2023-08-31,LEEWARD-WINDWARD ISLANDS,Corn,0,0
2023-08-31,BARBADOS,Corn,0,0
2023-08-31,TRINIDAD AND TOBAGO,Corn,0,0
2023-08-31,FRENCH WEST INDIES,Corn,0,0
2023-08-31,COLOMBIA,Corn,133693,4893
2023-08-31,VENEZUELA,Corn,0,0
2023-08-31,GUYANA,Corn,0,0
2023-08-31,PERU,Corn,0,0
2023-08-31,CHILE,Corn,0,0
2023-08-31,UNITED KINGDOM,Corn,0,0
2023-08-31,IRELAND,Corn,16500,1500
2023-08-31,NETHERLANDS,Corn,0,0
2023-08-31,GERMANY,Corn,0,0
2023-08-31,AUSTRIA,Corn,0,0
2023-08-31,SPAIN,Corn,0,0
2023-08-31,ITALY,Corn,0,0
2023-08-31,IRAQ,Corn,0,0
2023-08-31,ISRAEL,Corn,0,0
2023-08-31,JORDAN,Corn,20,0
2023-08-31,SAUDI ARABIA,Corn,0,0
2023-08-31,QATAR,Corn,0,0
2023-08-31,BANGLADESH,Corn,0,0
2023-08-31,THAILAND,Corn,0,0
2023-08-31,VIETNAM,Corn,0,0
2023-08-31,MALAYSIA,Corn,0,0
2023-08-31,PHILIPPINES,Corn,326,0
2023-08-31,"CHINA, PEOPLES REPUBLIC OF",Corn,0,0
2023-08-31,"KOREA, REPUBLIC OF",Corn,58,18
2023-08-31,HONG KONG,Corn,325,0
2023-08-31,TAIWAN,Corn,0,0
2023-08-31,JAPAN,Corn,52986,0
2023-08-31,"OTHER PACIFIC ISLANDS, NEC",Corn,0,0
2023-08-31,MOROCCO,Corn,0,0
2023-08-31,EGYPT,Corn,0,0
2023-08-31,UNKNOWN,Corn,0,0
2023-09-07,CANADA,Corn,34818,52762
2023-09-07,MEXICO,Corn,245758,131973
2023-09-07,GUATEMALA,Corn,0,4000
2023-09-07,EL SALVADOR,Corn,0,0
2023-09-07,HONDURAS,Corn,0,48900
2023-09-07,NICARAGUA,Corn,0,26500
2023-09-07,COSTA RICA,Corn,0,10500
2023-09-07,PANAMA,Corn,0,0
2023-09-07,JAMAICA,Corn,14130,18330
2023-09-07,HAITI,Corn,0,0
2023-09-07,DOMINICAN REPUBLIC,Corn,0,0
2023-09-07,LEEWARD-WINDWARD ISLANDS,Corn,0,0
2023-09-07,BARBADOS,Corn,0,0
2023-09-07,TRINIDAD AND TOBAGO,Corn,5000,0
2023-09-07,FRENCH WEST INDIES,Corn,0,0
2023-09-07,COLOMBIA,Corn,153617,131211
2023-09-07,VENEZUELA,Corn,0,0
2023-09-07,GUYANA,Corn,0,0
2023-09-07,SURINAM,Corn,0,0
2023-09-07,PERU,Corn,0,0
2023-09-07,CHILE,Corn,0,0
2023-09-07,UNITED KINGDOM,Corn,0,0
2023-09-07,FRANCE,Corn,0,0
2023-09-07,SPAIN,Corn,0,0
2023-09-07,ITALY,Corn,0,0
2023-09-07,ISRAEL,Corn,0,0
2023-09-07,JORDAN,Corn,0,0
2023-09-07,SAUDI ARABIA,Corn,0,0
2023-09-07,QATAR,Corn,0,0
2023-09-07,OMAN,Corn,0,0
2023-09-07,PAKISTAN,Corn,0,0
2023-09-07,BANGLADESH,Corn,0,0
2023-09-07,VIETNAM,Corn,0,0
2023-09-07,MALAYSIA,Corn,0,0
2023-09-07,PHILIPPINES,Corn,0,0
2023-09-07,"CHINA, PEOPLES REPUBLIC OF",Corn,223857,9758
2023-09-07,"KOREA, REPUBLIC OF",Corn,1080,80
2023-09-07,HONG KONG,Corn,0,0
2023-09-07,TAIWAN,Corn,4134,13328
2023-09-07,JAPAN,Corn,28184,58005
2023-09-07,MOROCCO,Corn,15450,450
2023-09-07,TUNISIA,Corn,0,0
2023-09-07,EGYPT,Corn,0,0
2023-09-07,UNKNOWN,Corn,0,297192
2023-09-14,CANADA,Corn,2341,11021
2023-09-14,MEXICO,Corn,329265,251550
2023-09-14,GUATEMALA,Corn,19368,27000
2023-09-14,EL SALVADOR,Corn,0,0
2023-09-14,HONDURAS,Corn,10749,9600
2023-09-14,NICARAGUA,Corn,0,6858
2023-09-14,COSTA RICA,Corn,0,13843
2023-09-14,PANAMA,Corn,0,0
2023-09-14,JAMAICA,Corn,0,0
2023-09-14,HAITI,Corn,0,0
2023-09-14,DOMINICAN REPUBLIC,Corn,0,0
2023-09-14,LEEWARD-WINDWARD ISLANDS,Corn,0,0
2023-09-14,BARBADOS,Corn,0,0
2023-09-14,TRINIDAD AND TOBAGO,Corn,0,0
2023-09-14,FRENCH WEST INDIES,Corn,0,0
2023-09-14,COLOMBIA,Corn,0,78600
2023-09-14,VENEZUELA,Corn,0,0
2023-09-14,GUYANA,Corn,0,0
2023-09-14,PERU,Corn,0,0
2023-09-14,CHILE,Corn,0,0
2023-09-14,UNITED KINGDOM,Corn,41,0
2023-09-14,FRANCE,Corn,0,0
2023-09-14,ITALY,Corn,0,0
2023-09-14,ISRAEL,Corn,0,0
2023-09-14,JORDAN,Corn,0,0
2023-09-14,SAUDI ARABIA,Corn,0,0
2023-09-14,QATAR,Corn,0,0
2023-09-14,OMAN,Corn,0,0
2023-09-14,PAKISTAN,Corn,0,0
2023-09-14,BANGLADESH,Corn,0,0
2023-09-14,VIETNAM,Corn,0,0
2023-09-14,MALAYSIA,Corn,438,0
2023-09-14,INDONESIA,Corn,0,0
2023-09-14,PHILIPPINES,Corn,0,0
2023-09-14,"CHINA, PEOPLES REPUBLIC OF",Corn,71214,0
2023-09-14,"KOREA, REPUBLIC OF",Corn,651,1940
2023-09-14,HONG KONG,Corn,431,0
2023-09-14,TAIWAN,Corn,10032,12068
2023-09-14,JAPAN,Corn,157989,124457
2023-09-14,"OTHER PACIFIC ISLANDS, NEC",Corn,0,0
2023-09-14,MOROCCO,Corn,0,0
2023-09-14,TUNISIA,Corn,0,0
2023-09-14,EGYPT,Corn,0,25
2023-09-14,UNKNOWN,Corn,0,202100
2023-09-21,CANADA,Corn,3484,7184
2023-09-21,MEXICO,Corn,326722,262269
2023-09-21,GUATEMALA,Corn,0,36790
2023-09-21,EL SALVADOR,Corn,0,32099
2023-09-21,HONDURAS,Corn,0,2000
2023-09-21,NICARAGUA,Corn,0,0
2023-09-21,COSTA RICA,Corn,0,0
2023-09-21,PANAMA,Corn,0,97984
2023-09-21,JAMAICA,Corn,2799,0
2023-09-21,HAITI,Corn,0,0
2023-09-21,DOMINICAN REPUBLIC,Corn,0,0
2023-09-21,LEEWARD-WINDWARD ISLANDS,Corn,990,90
2023-09-21,BARBADOS,Corn,4840,440
2023-09-21,TRINIDAD AND TOBAGO,Corn,0,0
2023-09-21,FRENCH WEST INDIES,Corn,0,0
2023-09-21,COLOMBIA,Corn,180541,141485
2023-09-21,VENEZUELA,Corn,0,0
2023-09-21,GUYANA,Corn,0,0
2023-09-21,SURINAM,Corn,0,0
2023-09-21,PERU,Corn,0,0
2023-09-21,CHILE,Corn,0,0
2023-09-21,UNITED KINGDOM,Corn,0,0
2023-09-21,FRANCE,Corn,0,0
2023-09-21,ITALY,Corn,0,0
2023-09-21,ISRAEL,Corn,0,0
2023-09-21,JORDAN,Corn,0,0
2023-09-21,SAUDI ARABIA,Corn,0,0
2023-09-21,QATAR,Corn,0,0
2023-09-21,OMAN,Corn,0,0
2023-09-21,PAKISTAN,Corn,0,0
2023-09-21,BANGLADESH,Corn,0,0
2023-09-21,THAILAND,Corn,0,0
2023-09-21,VIETNAM,Corn,0,0
2023-09-21,MALAYSIA,Corn,276,0
2023-09-21,INDONESIA,Corn,0,0
2023-09-21,PHILIPPINES,Corn,0,0
2023-09-21,"CHINA, PEOPLES REPUBLIC OF",Corn,139679,3711
2023-09-21,"KOREA, REPUBLIC OF",Corn,59,0
2023-09-21,HONG KONG,Corn,1429,988
2023-09-21,TAIWAN,Corn,18740,21047
2023-09-21,JAPAN,Corn,50417,66000
2023-09-21,MOROCCO,Corn,0,0
2023-09-21,TUNISIA,Corn,0,0
2023-09-21,EGYPT,Corn,0,0
2023-09-21,NIGERIA,Corn,0,0
2023-09-21,UNKNOWN,Corn,0,254563
2023-09-28,CANADA,Corn,4008,21864
2023-09-28,MEXICO,Corn,229758,1376369
2023-09-28,GUATEMALA,Corn,0,7500
2023-09-28,EL SALVADOR,Corn,0,20058
2023-09-28,HONDURAS,Corn,66068,78610
2023-09-28,NICARAGUA,Corn,0,0
2023-09-28,COSTA RICA,Corn,0,7500
2023-09-28,PANAMA,Corn,0,0
2023-09-28,JAMAICA,Corn,0,0
2023-09-28,HAITI,Corn,0,0
2023-09-28,DOMINICAN REPUBLIC,Corn,0,0
2023-09-28,LEEWARD-WINDWARD ISLANDS,Corn,0,0
2023-09-28,BARBADOS,Corn,0,0
2023-09-28,TRINIDAD AND TOBAGO,Corn,0,7500
2023-09-28,FRENCH WEST INDIES,Corn,0,0
2023-09-28,COLOMBIA,Corn,33272,112446
2023-09-28,VENEZUELA,Corn,0,40000
2023-09-28,GUYANA,Corn,0,0
2023-09-28,PERU,Corn,0,0
2023-09-28,CHILE,Corn,0,0
2023-09-28,UNITED KINGDOM,Corn,0,0
2023-09-28,FRANCE,Corn,0,0
2023-09-28,ITALY,Corn,0,0
2023-09-28,ISRAEL,Corn,0,0
2023-09-28,JORDAN,Corn,0,0
2023-09-28,SAUDI ARABIA,Corn,0,0
2023-09-28,QATAR,Corn,0,0
2023-09-28,OMAN,Corn,0,0
2023-09-28,PAKISTAN,Corn,0,0
2023-09-28,BANGLADESH,Corn,0,0
2023-09-28,THAILAND,Corn,0,0
2023-09-28,VIETNAM,Corn,0,0
2023-09-28,MALAYSIA,Corn,0,0
2023-09-28,INDONESIA,Corn,0,0
2023-09-28,PHILIPPINES,Corn,0,0
2023-09-28,"CHINA, PEOPLES REPUBLIC OF",Corn,141361,68722
2023-09-28,"KOREA, REPUBLIC OF",Corn,0,51964
2023-09-28,HONG KONG,Corn,516,516
2023-09-28,TAIWAN,Corn,825,10058
2023-09-28,JAPAN,Corn,136561,71410
2023-09-28,"OTHER PACIFIC ISLANDS, NEC",Corn,0,0
2023-09-28,MOROCCO,Corn,0,0
2023-09-28,EGYPT,Corn,0,211
2023-09-28,NIGERIA,Corn,0,0
2023-09-28,UNKNOWN,Corn,0,281491
2023-10-05,CANADA,Corn,467,1363
2023-10-05,MEXICO,Corn,384446,542382
2023-10-05,GUATEMALA,Corn,0,2400
2023-10-05,EL SALVADOR,Corn,0,0
2023-10-05,HONDURAS,Corn,0,0
2023-10-05,NICARAGUA,Corn,12250,0
2023-10-05,COSTA RICA,Corn,4051,368
2023-10-05,PANAMA,Corn,4418,27564
2023-10-05,JAMAICA,Corn,7245,345
2023-10-05,HAITI,Corn,0,0
2023-10-05,DOMINICAN REPUBLIC,Corn,0,5000
2023-10-05,LEEWARD-WINDWARD ISLANDS,Corn,0,700
2023-10-05,BARBADOS,Corn,0,4700
2023-10-05,TRINIDAD AND TOBAGO,Corn,0,0
2023-10-05,FRENCH WEST INDIES,Corn,0,0
2023-10-05,COLOMBIA,Corn,106815,112515
2023-10-05,VENEZUELA,Corn,0,0
2023-10-05,GUYANA,Corn,0,0
2023-10-05,SURINAM,Corn,0,0
2023-10-05,PERU,Corn,0,0
2023-10-05,CHILE,Corn,0,0
2023-10-05,UNITED KINGDOM,Corn,0,0
2023-10-05,FRANCE,Corn,0,0
2023-10-05,ITALY,Corn,0,0
2023-10-05,ISRAEL,Corn,0,0
2023-10-05,JORDAN,Corn,0,0
2023-10-05,SAUDI ARABIA,Corn,52445,2445
2023-10-05,QATAR,Corn,0,0
2023-10-05,OMAN,Corn,0,0
2023-10-05,PAKISTAN,Corn,0,0
2023-10-05,BANGLADESH,Corn,0,0
2023-10-05,THAILAND,Corn,0,0
2023-10-05,VIETNAM,Corn,0,0
2023-10-05,MALAYSIA,Corn,0,0
2023-10-05,INDONESIA,Corn,0,0
2023-10-05,PHILIPPINES,Corn,0,0
2023-10-05,"CHINA, PEOPLES REPUBLIC OF",Corn,143864,8097
2023-10-05,"KOREA, REPUBLIC OF",Corn,0,15220
2023-10-05,HONG KONG,Corn,0,0
2023-10-05,TAIWAN,Corn,1009,4803
2023-10-05,JAPAN,Corn,95867,19727
2023-10-05,"OTHER PACIFIC ISLANDS, NEC",Corn,0,0
2023-10-05,MOROCCO,Corn,0,0
2023-10-05,EGYPT,Corn,0,0
2023-10-05,NIGERIA,Corn,0,0
2023-10-05,UNKNOWN,Corn,0,179640
2023-10-12,CANADA,Corn,721,193
2023-10-12,MEXICO,Corn,280334,262942
2023-10-12,GUATEMALA,Corn,0,147045
2023-10-12,EL SALVADOR,Corn,11170,23000
2023-10-12,HONDURAS,Corn,0,23000
2023-10-12,NICARAGUA,Corn,0,37500
2023-10-12,COSTA RICA,Corn,0,0
2023-10-12,PANAMA,Corn,0,4340
2023-10-12,JAMAICA,Corn,0,0
2023-10-12,HAITI,Corn,0,0
2023-10-12,DOMINICAN REPUBLIC,Corn,0,18000
2023-10-12,LEEWARD-WINDWARD ISLANDS,Corn,0,0
2023-10-12,BARBADOS,Corn,0,0
2023-10-12,TRINIDAD AND TOBAGO,Corn,0,0
2023-10-12,FRENCH WEST INDIES,Corn,0,0
2023-10-12,COLOMBIA,Corn,170391,107541
2023-10-12,VENEZUELA,Corn,0,0
2023-10-12,PERU,Corn,0,0
2023-10-12,CHILE,Corn,0,0
2023-10-12,UNITED KINGDOM,Corn,0,0
2023-10-12,FRANCE,Corn,0,0
2023-10-12,ITALY,Corn,0,0
2023-10-12,ISRAEL,Corn,0,0
2023-10-12,JORDAN,Corn,0,0
2023-10-12,SAUDI ARABIA,Corn,0,0
2023-10-12,QATAR,Corn,0,0
2023-10-12,OMAN,Corn,0,0
2023-10-12,PAKISTAN,Corn,0,0
2023-10-12,BANGLADESH,Corn,0,0
2023-10-12,VIETNAM,Corn,0,0
2023-10-12,MALAYSIA,Corn,0,0
2023-10-12,INDONESIA,Corn,0,0
2023-10-12,PHILIPPINES,Corn,0,0
2023-10-12,"CHINA, PEOPLES REPUBLIC OF",Corn,0,740
2023-10-12,"KOREA, REPUBLIC OF",Corn,200,0
2023-10-12,HONG KONG,Corn,0,1672
2023-10-12,TAIWAN,Corn,10994,5283
2023-10-12,JAPAN,Corn,42484,60000
2023-10-12,MOROCCO,Corn,0,0
2023-10-12,TUNISIA,Corn,0,0
2023-10-12,EGYPT,Corn,0,0
2023-10-12,UNKNOWN,Corn,0,213800
2023-10-19,CANADA,Corn,2881,13493
2023-10-19,MEXICO,Corn,349844,719240
2023-10-19,GUATEMALA,Corn,0,0
2023-10-19,EL SALVADOR,Corn,0,7500
2023-10-19,HONDURAS,Corn,7571,15650
2023-10-19,NICARAGUA,Corn,0,0
2023-10-19,COSTA RICA,Corn,0,64292
2023-10-19,PANAMA,Corn,0,0
2023-10-19,JAMAICA,Corn,20999,0
2023-10-19,HAITI,Corn,0,0
2023-10-19,DOMINICAN REPUBLIC,Corn,0,0
2023-10-19,LEEWARD-WINDWARD ISLANDS,Corn,0,0
2023-10-19,BARBADOS,Corn,0,0
2023-10-19,TRINIDAD AND TOBAGO,Corn,0,0
2023-10-19,FRENCH WEST INDIES,Corn,0,12200
2023-10-19,COLOMBIA,Corn,61501,275782
2023-10-19,VENEZUELA,Corn,0,0
2023-10-19,GUYANA,Corn,0,0
2023-10-19,SURINAM,Corn,0,0
2023-10-19,PERU,Corn,0,0
2023-10-19,UNITED KINGDOM,Corn,19,0
2023-10-19,FRANCE,Corn,0,0
2023-10-19,ITALY,Corn,0,0
2023-10-19,ISRAEL,Corn,0,0
2023-10-19,JORDAN,Corn,0,0
2023-10-19,SAUDI ARABIA,Corn,0,0
2023-10-19,QATAR,Corn,0,0
2023-10-19,OMAN,Corn,0,0
2023-10-19,PAKISTAN,Corn,0,0
2023-10-19,BANGLADESH,Corn,0,0
2023-10-19,VIETNAM,Corn,0,0
2023-10-19,MALAYSIA,Corn,0,0
2023-10-19,INDONESIA,Corn,0,0
2023-10-19,PHILIPPINES,Corn,375,8818
2023-10-19,"CHINA, PEOPLES REPUBLIC OF",Corn,4076,172
2023-10-19,"KOREA, REPUBLIC OF",Corn,1580,132
2023-10-19,HONG KONG,Corn,564,0
2023-10-19,TAIWAN,Corn,8876,10000
2023-10-19,JAPAN,Corn,25406,124000
2023-10-19,MOROCCO,Corn,0,0
2023-10-19,ALGERIA,Corn,0,0
2023-10-19,TUNISIA,Corn,0,0
2023-10-19,EGYPT,Corn,0,0
2023-10-19,UNKNOWN,Corn,0,187496
2023-10-26,CANADA,Corn,81894,2661
2023-10-26,MEXICO,Corn,310336,482305
2023-10-26,GUATEMALA,Corn,15725,8225
2023-10-26,EL SALVADOR,Corn,0,2540
2023-10-26,HONDURAS,Corn,26999,21484
2023-10-26,NICARAGUA,Corn,0,6858
2023-10-26,COSTA RICA,Corn,0,43688
2023-10-26,PANAMA,Corn,0,0
2023-10-26,JAMAICA,Corn,4620,320
2023-10-26,HAITI,Corn,0,0
2023-10-26,DOMINICAN REPUBLIC,Corn,0,0
2023-10-26,LEEWARD-WINDWARD ISLANDS,Corn,0,0
2023-10-26,BARBADOS,Corn,0,0
2023-10-26,TRINIDAD AND TOBAGO,Corn,0,0
2023-10-26,FRENCH WEST INDIES,Corn,0,0
2023-10-26,COLOMBIA,Corn,12181,89102
2023-10-26,VENEZUELA,Corn,0,0
2023-10-26,GUYANA,Corn,0,0
2023-10-26,PERU,Corn,0,0
2023-10-26,UNITED KINGDOM,Corn,0,0
2023-10-26,FRANCE,Corn,0,0
2023-10-26,ITALY,Corn,0,0
2023-10-26,ISRAEL,Corn,0,0
2023-10-26,JORDAN,Corn,0,0
2023-10-26,SAUDI ARABIA,Corn,0,0
2023-10-26,QATAR,Corn,0,0
2023-10-26,OMAN,Corn,0,0
2023-10-26,PAKISTAN,Corn,0,0
2023-10-26,BANGLADESH,Corn,0,0
2023-10-26,VIETNAM,Corn,0,0
2023-10-26,MALAYSIA,Corn,0,0
2023-10-26,PHILIPPINES,Corn,803,0
2023-10-26,"CHINA, PEOPLES REPUBLIC OF",Corn,100,0
2023-10-26,"KOREA, REPUBLIC OF",Corn,60,4040
2023-10-26,HONG KONG,Corn,0,0
2023-10-26,TAIWAN,Corn,3959,5263
2023-10-26,JAPAN,Corn,49208,176000
2023-10-26,MOROCCO,Corn,0,0
2023-10-26,ALGERIA,Corn,0,0
2023-10-26,TUNISIA,Corn,0,0
2023-10-26,EGYPT,Corn,0,0
2023-10-26,UNKNOWN,Corn,0,159720
2023-11-02,CANADA,Corn,91083,11810
2023-11-02,MEXICO,Corn,526341,387954
2023-11-02,GUATEMALA,Corn,0,2700
2023-11-02,EL SALVADOR,Corn,14986,0
2023-11-02,HONDURAS,Corn,48765,53300
2023-11-02,NICARAGUA,Corn,0,7500
2023-11-02,COSTA RICA,Corn,0,7500
2023-11-02,PANAMA,Corn,0,25000
2023-11-02,JAMAICA,Corn,4646,16946
2023-11-02,HAITI,Corn,0,0
2023-11-02,DOMINICAN REPUBLIC,Corn,0,0
2023-11-02,LEEWARD-WINDWARD ISLANDS,Corn,0,0
2023-11-02,BARBADOS,Corn,0,0
2023-11-02,TRINIDAD AND TOBAGO,Corn,0,0
2023-11-02,FRENCH WEST INDIES,Corn,0,0
2023-11-02,COLOMBIA,Corn,109918,50559
2023-11-02,VENEZUELA,Corn,0,0
2023-11-02,GUYANA,Corn,0,0
2023-11-02,PERU,Corn,0,0
2023-11-02,UNITED KINGDOM,Corn,66,441
2023-11-02,FRANCE,Corn,0,0
2023-11-02,ITALY,Corn,0,0
2023-11-02,ISRAEL,Corn,0,0
2023-11-02,JORDAN,Corn,0,0
2023-11-02,SAUDI ARABIA,Corn,0,0
2023-11-02,QATAR,Corn,0,0
2023-11-02,OMAN,Corn,0,0
2023-11-02,PAKISTAN,Corn,0,0
2023-11-02,BANGLADESH,Corn,0,0
2023-11-02,VIETNAM,Corn,0,0
2023-11-02,MALAYSIA,Corn,0,0
2023-11-02,INDONESIA,Corn,0,0
2023-11-02,PHILIPPINES,Corn,678,0
2023-11-02,"CHINA, PEOPLES REPUBLIC OF",Corn,100,0
2023-11-02,"KOREA, REPUBLIC OF",Corn,109,65832
2023-11-02,HONG KONG,Corn,0,0
2023-11-02,TAIWAN,Corn,7103,2672
2023-11-02,JAPAN,Corn,21089,141780
2023-11-02,"OTHER PACIFIC ISLANDS, NEC",Corn,0,0
2023-11-02,MOROCCO,Corn,0,35000
2023-11-02,ALGERIA,Corn,0,0
2023-11-02,TUNISIA,Corn,0,0
2023-11-02,EGYPT,Corn,0,0
2023-11-02,UNKNOWN,Corn,0,271572
2023-11-09,CANADA,Corn,27676,679
2023-11-09,MEXICO,Corn,461647,1063784
2023-11-09,GUATEMALA,Corn,0,16510
2023-11-09,EL SALVADOR,Corn,0,254
2023-11-09,HONDURAS,Corn,49212,60850
2023-11-09,NICARAGUA,Corn,0,0
2023-11-09,COSTA RICA,Corn,8250,750
2023-11-09,PANAMA,Corn,0,0
2023-11-09,JAMAICA,Corn,0,0
2023-11-09,HAITI,Corn,0,0
2023-11-09,DOMINICAN REPUBLIC,Corn,0,0
2023-11-09,LEEWARD-WINDWARD ISLANDS,Corn,881,181
2023-11-09,BARBADOS,Corn,5288,588
2023-11-09,TRINIDAD AND TOBAGO,Corn,15516,916
2023-11-09,FRENCH WEST INDIES,Corn,0,0
2023-11-09,COLOMBIA,Corn,75861,92487
2023-11-09,VENEZUELA,Corn,0,0
2023-11-09,GUYANA,Corn,0,0
2023-11-09,PERU,Corn,0,0
2023-11-09,UNITED KINGDOM,Corn,0,0
2023-11-09,FRANCE,Corn,0,0
2023-11-09,ITALY,Corn,0,0
2023-11-09,ISRAEL,Corn,0,0
2023-11-09,JORDAN,Corn,0,23
2023-11-09,SAUDI ARABIA,Corn,0,0
2023-11-09,QATAR,Corn,0,0
2023-11-09,OMAN,Corn,0,0
2023-11-09,PAKISTAN,Corn,0,0
2023-11-09,BANGLADESH,Corn,0,0
2023-11-09,VIETNAM,Corn,0,0
2023-11-09,MALAYSIA,Corn,0,0
2023-11-09,INDONESIA,Corn,0,0
2023-11-09,PHILIPPINES,Corn,546,0
2023-11-09,"CHINA, PEOPLES REPUBLIC OF",Corn,0,0
2023-11-09,"KOREA, REPUBLIC OF",Corn,240,68972
2023-11-09,HONG KONG,Corn,622,622
2023-11-09,TAIWAN,Corn,14750,2893
2023-11-09,JAPAN,Corn,22573,510300
2023-11-09,"OTHER PACIFIC ISLANDS, NEC",Corn,0,0
2023-11-09,MOROCCO,Corn,0,0
2023-11-09,ALGERIA,Corn,0,0
2023-11-09,TUNISIA,Corn,0,0
2023-11-09,EGYPT,Corn,0,0
2023-11-09,UNKNOWN,Corn,0,62700
2023-11-16,CANADA,Corn,12382,13714
2023-11-16,MEXICO,Corn,370295,761820
2023-11-16,GUATEMALA,Corn,0,3556
2023-11-16,EL SALVADOR,Corn,0,0
2023-11-16,HONDURAS,Corn,0,54550
2023-11-16,NICARAGUA,Corn,0,0
2023-11-16,COSTA RICA,Corn,0,8636
2023-11-16,PANAMA,Corn,0,41600
2023-11-16,CUBA,Corn,0,0
2023-11-16,JAMAICA,Corn,0,0
2023-11-16,HAITI,Corn,0,0
2023-11-16,DOMINICAN REPUBLIC,Corn,0,0
2023-11-16,LEEWARD-WINDWARD ISLANDS,Corn,0,0
2023-11-16,BARBADOS,Corn,0,0
2023-11-16,TRINIDAD AND TOBAGO,Corn,0,0
2023-11-16,FRENCH WEST INDIES,Corn,0,0
2023-11-16,COLOMBIA,Corn,55000,181317
2023-11-16,VENEZUELA,Corn,0,0
2023-11-16,PERU,Corn,0,0
2023-11-16,UNITED KINGDOM,Corn,0,0
2023-11-16,FRANCE,Corn,0,0
2023-11-16,PORTUGAL,Corn,19736,0
2023-11-16,ITALY,Corn,0,0
2023-11-16,ISRAEL,Corn,0,0
2023-11-16,JORDAN,Corn,0,0
2023-11-16,SAUDI ARABIA,Corn,0,0
2023-11-16,QATAR,Corn,0,0
2023-11-16,OMAN,Corn,0,0
2023-11-16,PAKISTAN,Corn,0,0
2023-11-16,BANGLADESH,Corn,0,0
2023-11-16,VIETNAM,Corn,0,0
2023-11-16,MALAYSIA,Corn,0,0
2023-11-16,INDONESIA,Corn,0,0
2023-11-16,PHILIPPINES,Corn,0,0
2023-11-16,"CHINA, PEOPLES REPUBLIC OF",Corn,70989,2650
2023-11-16,"KOREA, REPUBLIC OF",Corn,44,60022
2023-11-16,HONG KONG,Corn,625,0
2023-11-16,TAIWAN,Corn,10417,40722
2023-11-16,JAPAN,Corn,84325,302503
2023-11-16,MOROCCO,Corn,0,0
2023-11-16,ALGERIA,Corn,0,0
2023-11-16,TUNISIA,Corn,0,0
2023-11-16,EGYPT,Corn,0,0
2023-11-16,UNKNOWN,Corn,0,54000
2023-11-23,CANADA,Corn,4007,8530
2023-11-23,MEXICO,Corn,385262,295339
2023-11-23,GUATEMALA,Corn,0,7048
2023-11-23,EL SALVADOR,Corn,0,0
2023-11-23,HONDURAS,Corn,7079,38179
2023-11-23,NICARAGUA,Corn,0,0
2023-11-23,COSTA RICA,Corn,0,0
2023-11-23,PANAMA,Corn,25567,567
2023-11-23,CUBA,Corn,0,0
2023-11-23,JAMAICA,Corn,7200,300
2023-11-23,HAITI,Corn,0,0
2023-11-23,DOMINICAN REPUBLIC,Corn,0,30000
2023-11-23,LEEWARD-WINDWARD ISLANDS,Corn,0,0
2023-11-23,BARBADOS,Corn,0,0
2023-11-23,TRINIDAD AND TOBAGO,Corn,0,0
2023-11-23,FRENCH WEST INDIES,Corn,0,0
2023-11-23,COLOMBIA,Corn,59971,129129
2023-11-23,VENEZUELA,Corn,0,0
2023-11-23,ECUADOR,Corn,0,0
2023-11-23,PERU,Corn,0,0
2023-11-23,UNITED KINGDOM,Corn,0,0
2023-11-23,FRANCE,Corn,0,0
2023-11-23,PORTUGAL,Corn,0,0
2023-11-23,ITALY,Corn,0,0
2023-11-23,ISRAEL,Corn,0,0
2023-11-23,JORDAN,Corn,0,0
2023-11-23,SAUDI ARABIA,Corn,0,70000
2023-11-23,QATAR,Corn,0,0
2023-11-23,OMAN,Corn,0,0
2023-11-23,PAKISTAN,Corn,0,0
2023-11-23,BANGLADESH,Corn,0,0
2023-11-23,VIETNAM,Corn,0,0
2023-11-23,MALAYSIA,Corn,0,0
2023-11-23,INDONESIA,Corn,0,0
2023-11-23,PHILIPPINES,Corn,168,14000
2023-11-23,"CHINA, PEOPLES REPUBLIC OF",Corn,207,131000
2023-11-23,"KOREA, REPUBLIC OF",Corn,463,70101
2023-11-23,HONG KONG,Corn,0,0
2023-11-23,TAIWAN,Corn,9934,201500
2023-11-23,JAPAN,Corn,0,274000
2023-11-23,NEW ZEALAND,Corn,0,0
2023-11-23,"OTHER PACIFIC ISLANDS, NEC",Corn,0,0
2023-11-23,MOROCCO,Corn,0,0
2023-11-23,ALGERIA,Corn,0,0
2023-11-23,TUNISIA,Corn,0,0
2023-11-23,EGYPT,Corn,0,0
2023-11-23,"WESTERN AFRICA, NEC",Corn,0,0
2023-11-23,UNKNOWN,Corn,0,726600
2023-11-30,CANADA,Corn,57194,3213
2023-11-30,MEXICO,Corn,307765,230859
2023-11-30,GUATEMALA,Corn,0,2032
2023-11-30,EL SALVADOR,Corn,0,0
2023-11-30,HONDURAS,Corn,8321,23274
2023-11-30,NICARAGUA,Corn,0,1778
2023-11-30,COSTA RICA,Corn,0,0
2023-11-30,PANAMA,Corn,0,80974
2023-11-30,CUBA,Corn,0,0
2023-11-30,JAMAICA,Corn,0,0
2023-11-30,HAITI,Corn,0,0
2023-11-30,DOMINICAN REPUBLIC,Corn,0,0
2023-11-30,LEEWARD-WINDWARD ISLANDS,Corn,0,800
2023-11-30,BARBADOS,Corn,0,5400
2023-11-30,TRINIDAD AND TOBAGO,Corn,0,5500
2023-11-30,FRENCH WEST INDIES,Corn,0,0
2023-11-30,COLOMBIA,Corn,180979,82001
2023-11-30,VENEZUELA,Corn,0,0
2023-11-30,GUYANA,Corn,0,0
2023-11-30,SURINAM,Corn,0,0
2023-11-30,ECUADOR,Corn,0,0
2023-11-30,PERU,Corn,0,0
2023-11-30,CHILE,Corn,0,0
2023-11-30,UNITED KINGDOM,Corn,45,0
2023-11-30,IRELAND,Corn,0,0
2023-11-30,FRANCE,Corn,0,0
2023-11-30,PORTUGAL,Corn,0,0
2023-11-30,ITALY,Corn,0,0
2023-11-30,ISRAEL,Corn,0,0
2023-11-30,JORDAN,Corn,0,0
2023-11-30,SAUDI ARABIA,Corn,61990,1990
2023-11-30,QATAR,Corn,0,0
2023-11-30,OMAN,Corn,0,0
2023-11-30,PAKISTAN,Corn,0,0
2023-11-30,BANGLADESH,Corn,0,0
2023-11-30,VIETNAM,Corn,0,0
2023-11-30,MALAYSIA,Corn,482,18
2023-11-30,INDONESIA,Corn,0,0
2023-11-30,PHILIPPINES,Corn,0,625
2023-11-30,"CHINA, PEOPLES REPUBLIC OF",Corn,276615,4897
2023-11-30,"KOREA, REPUBLIC OF",Corn,405,9
2023-11-30,HONG KONG,Corn,830,538
2023-11-30,TAIWAN,Corn,76557,23283
2023-11-30,JAPAN,Corn,114891,380440
2023-11-30,"OTHER PACIFIC ISLANDS, NEC",Corn,0,0
2023-11-30,MOROCCO,Corn,0,0
2023-11-30,ALGERIA,Corn,0,0
2023-11-30,TUNISIA,Corn,0,0
2023-11-30,EGYPT,Corn,0,0
2023-11-30,UNKNOWN,Corn,0,462000
2023-12-07,CANADA,Corn,35409,2449
2023-12-07,MEXICO,Corn,374637,646834
2023-12-07,GUATEMALA,Corn,22862,2250
2023-12-07,EL SALVADOR,Corn,0,10929
2023-12-07,HONDURAS,Corn,48816,2230
2023-12-07,NICARAGUA,Corn,23676,0
2023-12-07,COSTA RICA,Corn,0,0
2023-12-07,PANAMA,Corn,0,0
2023-12-07,CUBA,Corn,0,0
2023-12-07,JAMAICA,Corn,4699,399
2023-12-07,HAITI,Corn,0,0
2023-12-07,DOMINICAN REPUBLIC,Corn,0,0
2023-12-07,LEEWARD-WINDWARD ISLANDS,Corn,0,2000
2023-12-07,BARBADOS,Corn,0,0
2023-12-07,TRINIDAD AND TOBAGO,Corn,0,0
2023-12-07,FRENCH WEST INDIES,Corn,0,0
2023-12-07,COLOMBIA,Corn,159172,127900
2023-12-07,VENEZUELA,Corn,0,0
2023-12-07,GUYANA,Corn,0,0
2023-12-07,SURINAM,Corn,0,0
2023-12-07,ECUADOR,Corn,0,0
2023-12-07,PERU,Corn,0,0
2023-12-07,CHILE,Corn,0,0
2023-12-07,UNITED KINGDOM,Corn,19,115
2023-12-07,IRELAND,Corn,0,0
2023-12-07,FRANCE,Corn,0,0
2023-12-07,PORTUGAL,Corn,0,0
2023-12-07,ITALY,Corn,0,0
2023-12-07,ISRAEL,Corn,0,0
2023-12-07,JORDAN,Corn,0,0
2023-12-07,SAUDI ARABIA,Corn,0,50000
2023-12-07,QATAR,Corn,0,0
2023-12-07,OMAN,Corn,0,0
2023-12-07,PAKISTAN,Corn,0,0
2023-12-07,BANGLADESH,Corn,0,0
2023-12-07,VIETNAM,Corn,0,0
2023-12-07,MALAYSIA,Corn,0,2100
2023-12-07,INDONESIA,Corn,0,0
2023-12-07,PHILIPPINES,Corn,0,0
2023-12-07,"CHINA, PEOPLES REPUBLIC OF",Corn,141260,7260
2023-12-07,"KOREA, REPUBLIC OF",Corn,1000,65441
2023-12-07,HONG KONG,Corn,0,0
2023-12-07,TAIWAN,Corn,9263,3000
2023-12-07,JAPAN,Corn,30151,60000
2023-12-07,NEW ZEALAND,Corn,0,0
2023-12-07,"OTHER PACIFIC ISLANDS, NEC",Corn,0,0
2023-12-07,MOROCCO,Corn,0,0
2023-12-07,ALGERIA,Corn,0,0
2023-12-07,TUNISIA,Corn,0,0
2023-12-07,EGYPT,Corn,0,0
2023-12-07,UNKNOWN,Corn,0,529868
2023-12-14,CANADA,Corn,17539,2004
2023-12-14,MEXICO,Corn,354966,347433
2023-12-14,GUATEMALA,Corn,0,4874
2023-12-14,EL SALVADOR,Corn,20116,31521
2023-12-14,HONDURAS,Corn,2000,42857
2023-12-14,NICARAGUA,Corn,0,0
2023-12-14,COSTA RICA,Corn,7687,187
2023-12-14,PANAMA,Corn,0,0
2023-12-14,CUBA,Corn,0,0
2023-12-14,JAMAICA,Corn,0,4300
2023-12-14,HAITI,Corn,0,0
2023-12-14,DOMINICAN REPUBLIC,Corn,0,6000
2023-12-14,LEEWARD-WINDWARD ISLANDS,Corn,0,0
2023-12-14,BARBADOS,Corn,0,0
2023-12-14,TRINIDAD AND TOBAGO,Corn,0,7600
2023-12-14,FRENCH WEST INDIES,Corn,6700,600
2023-12-14,COLOMBIA,Corn,61843,62302
2023-12-14,VENEZUELA,Corn,0,0
2023-12-14,ECUADOR,Corn,0,0
2023-12-14,PERU,Corn,0,0
2023-12-14,CHILE,Corn,0,0
2023-12-14,UNITED KINGDOM,Corn,0,0
2023-12-14,IRELAND,Corn,0,0
2023-12-14,FRANCE,Corn,0,0
2023-12-14,SPAIN,Corn,0,0
2023-12-14,PORTUGAL,Corn,0,0
2023-12-14,ITALY,Corn,0,0
2023-12-14,ISRAEL,Corn,0,0
2023-12-14,JORDAN,Corn,0,0
2023-12-14,SAUDI ARABIA,Corn,0,0
2023-12-14,QATAR,Corn,0,0
2023-12-14,OMAN,Corn,0,0
2023-12-14,PAKISTAN,Corn,0,0
2023-12-14,BANGLADESH,Corn,0,0
2023-12-14,VIETNAM,Corn,0,0
2023-12-14,MALAYSIA,Corn,0,0
2023-12-14,INDONESIA,Corn,0,0
2023-12-14,PHILIPPINES,Corn,0,4000
2023-12-14,"CHINA, PEOPLES REPUBLIC OF",Corn,202494,2096
2023-12-14,"KOREA, REPUBLIC OF",Corn,128,595
2023-12-14,HONG KONG,Corn,452,452
2023-12-14,TAIWAN,Corn,12253,70068
2023-12-14,JAPAN,Corn,184578,242552
2023-12-14,NEW ZEALAND,Corn,0,0
2023-12-14,"OTHER PACIFIC ISLANDS, NEC",Corn,126,126
2023-12-14,MOROCCO,Corn,0,20000
2023-12-14,ALGERIA,Corn,0,0
2023-12-14,TUNISIA,Corn,0,0
2023-12-14,EGYPT,Corn,0,0
2023-12-14,UNKNOWN,Corn,0,300400
2023-12-21,CANADA,Corn,34737,2179
2023-12-21,MEXICO,Corn,380527,572696
2023-12-21,GUATEMALA,Corn,70213,13621
2023-12-21,EL SALVADOR,Corn,11913,17085
2023-12-21,HONDURAS,Corn,0,0
2023-12-21,NICARAGUA,Corn,0,0
2023-12-21,COSTA RICA,Corn,0,0
2023-12-21,PANAMA,Corn,43253,41813
2023-12-21,CUBA,Corn,0,0
2023-12-21,JAMAICA,Corn,4645,34645
2023-12-21,HAITI,Corn,0,0
2023-12-21,DOMINICAN REPUBLIC,Corn,0,22000
2023-12-21,LEEWARD-WINDWARD ISLANDS,Corn,0,0
2023-12-21,BARBADOS,Corn,0,0
2023-12-21,TRINIDAD AND TOBAGO,Corn,0,0
2023-12-21,FRENCH WEST INDIES,Corn,0,0
2023-12-21,COLOMBIA,Corn,285172,47179
2023-12-21,VENEZUELA,Corn,0,0
2023-12-21,SURINAM,Corn,0,6100
2023-12-21,ECUADOR,Corn,0,0
2023-12-21,PERU,Corn,0,0
2023-12-21,CHILE,Corn,0,0
2023-12-21,UNITED KINGDOM,Corn,19,0
2023-12-21,IRELAND,Corn,0,0
2023-12-21,FRANCE,Corn,0,0
2023-12-21,PORTUGAL,Corn,0,0
2023-12-21,ITALY,Corn,0,10000
2023-12-21,ISRAEL,Corn,0,0
2023-12-21,JORDAN,Corn,0,0
2023-12-21,SAUDI ARABIA,Corn,72840,2840
2023-12-21,QATAR,Corn,0,0
2023-12-21,OMAN,Corn,0,0
2023-12-21,PAKISTAN,Corn,0,0
2023-12-21,BANGLADESH,Corn,0,0
2023-12-21,VIETNAM,Corn,0,0
2023-12-21,MALAYSIA,Corn,0,0
2023-12-21,INDONESIA,Corn,0,0
2023-12-21,PHILIPPINES,Corn,0,0
2023-12-21,"CHINA, PEOPLES REPUBLIC OF",Corn,141581,5481
2023-12-21,"KOREA, REPUBLIC OF",Corn,72137,71505
2023-12-21,HONG KONG,Corn,0,200
2023-12-21,TAIWAN,Corn,7487,66301
2023-12-21,JAPAN,Corn,154930,107923
2023-12-21,NEW ZEALAND,Corn,0,0
2023-12-21,"OTHER PACIFIC ISLANDS, NEC",Corn,0,0
2023-12-21,MOROCCO,Corn,0,6000
2023-12-21,ALGERIA,Corn,0,0
2023-12-21,EGYPT,Corn,0,0
2023-12-21,UNKNOWN,Corn,0,377064
2023-12-28,CANADA,Corn,22005,269
2023-12-28,MEXICO,Corn,263442,234780
2023-12-28,GUATEMALA,Corn,4151,2524
2023-12-28,EL SALVADOR,Corn,0,0
2023-12-28,HONDURAS,Corn,7656,156
2023-12-28,NICARAGUA,Corn,0,10650
2023-12-28,COSTA RICA,Corn,0,0
2023-12-28,PANAMA,Corn,0,0
2023-12-28,CUBA,Corn,0,0
2023-12-28,JAMAICA,Corn,0,0
2023-12-28,HAITI,Corn,0,0
2023-12-28,DOMINICAN REPUBLIC,Corn,5916,4200
2023-12-28,LEEWARD-WINDWARD ISLANDS,Corn,0,0
2023-12-28,BARBADOS,Corn,0,0
2023-12-28,TRINIDAD AND TOBAGO,Corn,0,0
2023-12-28,FRENCH WEST INDIES,Corn,0,0
2023-12-28,COLOMBIA,Corn,184451,143103
2023-12-28,VENEZUELA,Corn,0,0
2023-12-28,GUYANA,Corn,0,0
2023-12-28,SURINAM,Corn,0,900
2023-12-28,ECUADOR,Corn,0,0
2023-12-28,PERU,Corn,0,0
2023-12-28,CHILE,Corn,0,0
2023-12-28,UNITED KINGDOM,Corn,22,0
2023-12-28,IRELAND,Corn,0,0
2023-12-28,FRANCE,Corn,0,0
2023-12-28,PORTUGAL,Corn,0,0
2023-12-28,ITALY,Corn,0,0
2023-12-28,ISRAEL,Corn,0,0
2023-12-28,JORDAN,Corn,0,0
2023-12-28,SAUDI ARABIA,Corn,0,0
2023-12-28,QATAR,Corn,0,0
2023-12-28,OMAN,Corn,0,0
2023-12-28,PAKISTAN,Corn,0,0
2023-12-28,BANGLADESH,Corn,0,0
2023-12-28,VIETNAM,Corn,0,0
2023-12-28,MALAYSIA,Corn,0,0
2023-12-28,INDONESIA,Corn,0,0
2023-12-28,PHILIPPINES,Corn,116,0
2023-12-28,"CHINA, PEOPLES REPUBLIC OF",Corn,0,0
2023-12-28,"KOREA, REPUBLIC OF",Corn,66,154
2023-12-28,HONG KONG,Corn,0,868
2023-12-28,TAIWAN,Corn,3451,1545
2023-12-28,JAPAN,Corn,190105,14185
2023-12-28,NEW ZEALAND,Corn,0,0
2023-12-28,"OTHER PACIFIC ISLANDS, NEC",Corn,84,84
2023-12-28,MOROCCO,Corn,0,0
2023-12-28,ALGERIA,Corn,0,0
2023-12-28,EGYPT,Corn,0,0
2023-12-28,UNKNOWN,Corn,0,170000
2024-01-04,CANADA,Corn,35045,566
2024-01-04,MEXICO,Corn,401468,118730
2024-01-04,GUATEMALA,Corn,35467,7572
2024-01-04,EL SALVADOR,Corn,16791,1997
2024-01-04,HONDURAS,Corn,0,0
2024-01-04,NICARAGUA,Corn,0,9650
2024-01-04,COSTA RICA,Corn,6599,2500
2024-01-04,PANAMA,Corn,0,34000
2024-01-04,CUBA,Corn,0,0
2024-01-04,JAMAICA,Corn,9292,692
2024-01-04,HAITI,Corn,0,0
2024-01-04,DOMINICAN REPUBLIC,Corn,0,0
2024-01-04,LEEWARD-WINDWARD ISLANDS,Corn,2500,0
2024-01-04,BARBADOS,Corn,5400,0
2024-01-04,TRINIDAD AND TOBAGO,Corn,0,0
2024-01-04,FRENCH WEST INDIES,Corn,0,0
2024-01-04,COLOMBIA,Corn,235367,137078
2024-01-04,VENEZUELA,Corn,0,0
2024-01-04,GUYANA,Corn,0,0
2024-01-04,SURINAM,Corn,0,0
2024-01-04,ECUADOR,Corn,0,0
2024-01-04,PERU,Corn,0,0
2024-01-04,CHILE,Corn,0,0
2024-01-04,UNITED KINGDOM,Corn,0,0
2024-01-04,IRELAND,Corn,0,0
2024-01-04,FRANCE,Corn,0,0
2024-01-04,PORTUGAL,Corn,0,0
2024-01-04,ITALY,Corn,0,0
2024-01-04,ISRAEL,Corn,0,0
2024-01-04,JORDAN,Corn,0,0
2024-01-04,SAUDI ARABIA,Corn,0,0
2024-01-04,QATAR,Corn,0,0
2024-01-04,OMAN,Corn,0,0
2024-01-04,PAKISTAN,Corn,0,0
2024-01-04,BANGLADESH,Corn,0,0
2024-01-04,VIETNAM,Corn,0,0
2024-01-04,MALAYSIA,Corn,0,0
2024-01-04,INDONESIA,Corn,0,0
2024-01-04,PHILIPPINES,Corn,0,0
2024-01-04,"CHINA, PEOPLES REPUBLIC OF",Corn,0,0
2024-01-04,"KOREA, REPUBLIC OF",Corn,352,68072
2024-01-04,HONG KONG,Corn,258,258
2024-01-04,TAIWAN,Corn,5117,6843
2024-01-04,JAPAN,Corn,283446,8050
2024-01-04,NEW ZEALAND,Corn,0,0
2024-01-04,"OTHER PACIFIC ISLANDS, NEC",Corn,0,0
2024-01-04,MOROCCO,Corn,0,0
2024-01-04,ALGERIA,Corn,0,0
2024-01-04,EGYPT,Corn,0,0
2024-01-04,UNKNOWN,Corn,0,221000
2024-01-11,CANADA,Corn,3906,1323
2024-01-11,MEXICO,Corn,381997,650110
2024-01-11,GUATEMALA,Corn,28001,39753
2024-01-11,EL SALVADOR,Corn,0,10208
2024-01-11,HONDURAS,Corn,65703,33081
2024-01-11,NICARAGUA,Corn,17700,17700
2024-01-11,COSTA RICA,Corn,0,4953
2024-01-11,PANAMA,Corn,0,0
2024-01-11,CUBA,Corn,0,0
2024-01-11,JAMAICA,Corn,4680,380
2024-01-11,DOMINICAN REPUBLIC,Corn,0,0
2024-01-11,LEEWARD-WINDWARD ISLANDS,Corn,0,0
2024-01-11,BARBADOS,Corn,0,0
2024-01-11,TRINIDAD AND TOBAGO,Corn,0,5400
2024-01-11,FRENCH WEST INDIES,Corn,0,0
2024-01-11,COLOMBIA,Corn,113150,160365
2024-01-11,VENEZUELA,Corn,0,15000
2024-01-11,GUYANA,Corn,0,0
2024-01-11,SURINAM,Corn,0,0
2024-01-11,ECUADOR,Corn,0,0
2024-01-11,PERU,Corn,0,0
2024-01-11,CHILE,Corn,0,0
2024-01-11,UNITED KINGDOM,Corn,19,0
2024-01-11,IRELAND,Corn,0,0
2024-01-11,PORTUGAL,Corn,0,0
2024-01-11,ITALY,Corn,0,0
2024-01-11,ISRAEL,Corn,0,0
2024-01-11,JORDAN,Corn,23,0
2024-01-11,SAUDI ARABIA,Corn,0,70000
2024-01-11,QATAR,Corn,0,0
2024-01-11,OMAN,Corn,0,0
2024-01-11,PAKISTAN,Corn,0,0
2024-01-11,BANGLADESH,Corn,0,0
2024-01-11,VIETNAM,Corn,0,0
2024-01-11,MALAYSIA,Corn,0,0
2024-01-11,PHILIPPINES,Corn,0,0
2024-01-11,"CHINA, PEOPLES REPUBLIC OF",Corn,100,60000
2024-01-11,"KOREA, REPUBLIC OF",Corn,68557,73243
2024-01-11,HONG KONG,Corn,684,21
2024-01-11,TAIWAN,Corn,104,61892
2024-01-11,JAPAN,Corn,304796,142209
2024-01-11,"OTHER PACIFIC ISLANDS, NEC",Corn,0,0
2024-01-11,MOROCCO,Corn,11000,48000
2024-01-11,ALGERIA,Corn,0,0
2024-01-11,EGYPT,Corn,0,0
2024-01-11,UNKNOWN,Corn,0,201692
2024-01-18,CANADA,Corn,1263,90
2024-01-18,MEXICO,Corn,566510,564050
2024-01-18,GUATEMALA,Corn,18465,3715
2024-01-18,EL SALVADOR,Corn,10773,4175
2024-01-18,HONDURAS,Corn,16967,52072
2024-01-18,NICARAGUA,Corn,0,0
2024-01-18,COSTA RICA,Corn,0,0
2024-01-18,PANAMA,Corn,25905,5905
2024-01-18,CUBA,Corn,0,0
2024-01-18,JAMAICA,Corn,0,9700
2024-01-18,HAITI,Corn,0,0
2024-01-18,DOMINICAN REPUBLIC,Corn,0,0
2024-01-18,LEEWARD-WINDWARD ISLANDS,Corn,0,0
2024-01-18,BARBADOS,Corn,0,0
2024-01-18,TRINIDAD AND TOBAGO,Corn,0,0
2024-01-18,FRENCH WEST INDIES,Corn,0,0
2024-01-18,COLOMBIA,Corn,64927,85000
2024-01-18,VENEZUELA,Corn,0,0
2024-01-18,SURINAM,Corn,0,0
2024-01-18,ECUADOR,Corn,0,0
2024-01-18,PERU,Corn,0,0
2024-01-18,CHILE,Corn,0,0
2024-01-18,UNITED KINGDOM,Corn,22,0
2024-01-18,IRELAND,Corn,0,0
2024-01-18,AUSTRIA,Corn,0,0
2024-01-18,PORTUGAL,Corn,0,0
2024-01-18,ITALY,Corn,0,0
2024-01-18,ISRAEL,Corn,0,0
2024-01-18,JORDAN,Corn,0,0
2024-01-18,SAUDI ARABIA,Corn,0,0
2024-01-18,QATAR,Corn,0,0
2024-01-18,YEMEN,Corn,0,0
2024-01-18,OMAN,Corn,0,0
2024-01-18,BAHRAIN,Corn,0,0
2024-01-18,PAKISTAN,Corn,0,0
2024-01-18,BANGLADESH,Corn,0,0
2024-01-18,VIETNAM,Corn,0,0
2024-01-18,MALAYSIA,Corn,354,36
2024-01-18,PHILIPPINES,Corn,0,0
2024-01-18,"CHINA, PEOPLES REPUBLIC OF",Corn,68385,2385
2024-01-18,"KOREA, REPUBLIC OF",Corn,0,0
2024-01-18,HONG KONG,Corn,320,320
2024-01-18,TAIWAN,Corn,5119,2667
2024-01-18,JAPAN,Corn,152575,143600
2024-01-18,"OTHER PACIFIC ISLANDS, NEC",Corn,168,168
2024-01-18,MOROCCO,Corn,0,0
2024-01-18,ALGERIA,Corn,0,0
2024-01-18,EGYPT,Corn,0,0
2024-01-18,UNKNOWN,Corn,0,268000
2024-01-25,CANADA,Corn,37274,1830
2024-01-25,MEXICO,Corn,367877,374915
2024-01-25,GUATEMALA,Corn,34901,4121
2024-01-25,EL SALVADOR,Corn,31763,8446
2024-01-25,HONDURAS,Corn,0,3900
2024-01-25,NICARAGUA,Corn,0,3000
2024-01-25,COSTA RICA,Corn,0,0
2024-01-25,PANAMA,Corn,28904,1904
2024-01-25,CUBA,Corn,0,0
2024-01-25,JAMAICA,Corn,0,0
2024-01-25,HAITI,Corn,0,0
2024-01-25,DOMINICAN REPUBLIC,Corn,0,11000
2024-01-25,LEEWARD-WINDWARD ISLANDS,Corn,0,750
2024-01-25,BARBADOS,Corn,0,1000
2024-01-25,TRINIDAD AND TOBAGO,Corn,13923,1423
2024-01-25,FRENCH WEST INDIES,Corn,0,0
2024-01-25,COLOMBIA,Corn,49477,57477
2024-01-25,VENEZUELA,Corn,0,0
2024-01-25,GUYANA,Corn,0,0
2024-01-25,SURINAM,Corn,0,0
2024-01-25,ECUADOR,Corn,0,0
2024-01-25,PERU,Corn,0,0
2024-01-25,CHILE,Corn,0,0
2024-01-25,UNITED KINGDOM,Corn,0,0
2024-01-25,IRELAND,Corn,0,0
2024-01-25,AUSTRIA,Corn,0,0
2024-01-25,PORTUGAL,Corn,0,0
2024-01-25,ITALY,Corn,0,0
2024-01-25,ISRAEL,Corn,0,0
2024-01-25,JORDAN,Corn,0,0
2024-01-25,KUWAIT,Corn,0,0
2024-01-25,SAUDI ARABIA,Corn,0,0
2024-01-25,QATAR,Corn,0,0
2024-01-25,OMAN,Corn,0,0
2024-01-25,BAHRAIN,Corn,0,0
2024-01-25,PAKISTAN,Corn,0,0
2024-01-25,BANGLADESH,Corn,0,0
2024-01-25,VIETNAM,Corn,0,0
2024-01-25,MALAYSIA,Corn,0,0
2024-01-25,PHILIPPINES,Corn,0,19512
2024-01-25,"CHINA, PEOPLES REPUBLIC OF",Corn,70600,15600
2024-01-25,"KOREA, REPUBLIC OF",Corn,22,66000
2024-01-25,HONG KONG,Corn,0,0
2024-01-25,TAIWAN,Corn,784,2400
2024-01-25,JAPAN,Corn,239776,380938
2024-01-25,"OTHER PACIFIC ISLANDS, NEC",Corn,0,0
2024-01-25,MOROCCO,Corn,36049,1049
2024-01-25,ALGERIA,Corn,0,0
2024-01-25,EGYPT,Corn,0,0
2024-01-25,UNKNOWN,Corn,0,258308
2024-02-01,CANADA,Corn,1261,0
2024-02-01,MEXICO,Corn,384766,167082
2024-02-01,GUATEMALA,Corn,73261,26888
2024-02-01,EL SALVADOR,Corn,31910,24616
2024-02-01,HONDURAS,Corn,0,23053
2024-02-01,NICARAGUA,Corn,0,0
2024-02-01,COSTA RICA,Corn,5500,315
2024-02-01,PANAMA,Corn,0,21200
2024-02-01,CUBA,Corn,0,0
2024-02-01,JAMAICA,Corn,7150,250
2024-02-01,HAITI,Corn,0,0
2024-02-01,DOMINICAN REPUBLIC,Corn,0,42640
2024-02-01,LEEWARD-WINDWARD ISLANDS,Corn,0,0
2024-02-01,BARBADOS,Corn,0,0
2024-02-01,TRINIDAD AND TOBAGO,Corn,0,0
2024-02-01,FRENCH WEST INDIES,Corn,0,0
2024-02-01,COLOMBIA,Corn,105452,104519
2024-02-01,VENEZUELA,Corn,0,30000
2024-02-01,SURINAM,Corn,6654,0
2024-02-01,ECUADOR,Corn,0,0
2024-02-01,PERU,Corn,0,0
2024-02-01,CHILE,Corn,0,0
2024-02-01,UNITED KINGDOM,Corn,63,0
2024-02-01,IRELAND,Corn,0,0
2024-02-01,PORTUGAL,Corn,0,0
2024-02-01,ITALY,Corn,10781,781
2024-02-01,ISRAEL,Corn,0,0
2024-02-01,JORDAN,Corn,0,0
2024-02-01,KUWAIT,Corn,0,0
2024-02-01,SAUDI ARABIA,Corn,0,0
2024-02-01,QATAR,Corn,0,0
2024-02-01,OMAN,Corn,0,0
2024-02-01,BAHRAIN,Corn,0,0
2024-02-01,PAKISTAN,Corn,0,0
2024-02-01,BANGLADESH,Corn,0,0
2024-02-01,VIETNAM,Corn,0,0
2024-02-01,MALAYSIA,Corn,0,0
2024-02-01,PHILIPPINES,Corn,0,0
2024-02-01,"CHINA, PEOPLES REPUBLIC OF",Corn,0,0
2024-02-01,"KOREA, REPUBLIC OF",Corn,69912,133605
2024-02-01,HONG KONG,Corn,740,535
2024-02-01,TAIWAN,Corn,6227,69270
2024-02-01,JAPAN,Corn,79076,200938
2024-02-01,"OTHER PACIFIC ISLANDS, NEC",Corn,0,0
2024-02-01,MOROCCO,Corn,0,20000
2024-02-01,ALGERIA,Corn,0,0
2024-02-01,EGYPT,Corn,0,0
2024-02-01,UNKNOWN,Corn,0,489892
2024-02-08,CANADA,Corn,22502,1819
2024-02-08,MEXICO,Corn,425776,422795
2024-02-08,GUATEMALA,Corn,47030,30408
2024-02-08,EL SALVADOR,Corn,19800,22139
2024-02-08,HONDURAS,Corn,0,151105
2024-02-08,NICARAGUA,Corn,0,11700
2024-02-08,COSTA RICA,Corn,0,32511
2024-02-08,PANAMA,Corn,48258,25336
2024-02-08,CUBA,Corn,0,0
2024-02-08,JAMAICA,Corn,0,7000
2024-02-08,HAITI,Corn,0,0
2024-02-08,DOMINICAN REPUBLIC,Corn,0,37000
2024-02-08,LEEWARD-WINDWARD ISLANDS,Corn,0,0
2024-02-08,BARBADOS,Corn,0,0
2024-02-08,TRINIDAD AND TOBAGO,Corn,0,0
2024-02-08,FRENCH WEST INDIES,Corn,0,0
2024-02-08,COLOMBIA,Corn,75201,317911
2024-02-08,VENEZUELA,Corn,0,12000
2024-02-08,SURINAM,Corn,0,0
2024-02-08,ECUADOR,Corn,0,0
2024-02-08,PERU,Corn,0,0
2024-02-08,CHILE,Corn,0,0
2024-02-08,UNITED KINGDOM,Corn,0,0
2024-02-08,IRELAND,Corn,0,0
2024-02-08,PORTUGAL,Corn,0,0
2024-02-08,ITALY,Corn,0,0
2024-02-08,ISRAEL,Corn,0,0
2024-02-08,JORDAN,Corn,0,0
2024-02-08,KUWAIT,Corn,0,0
2024-02-08,SAUDI ARABIA,Corn,54998,4998
2024-02-08,QATAR,Corn,0,0
2024-02-08,OMAN,Corn,0,0
2024-02-08,BAHRAIN,Corn,0,0
2024-02-08,PAKISTAN,Corn,0,0
2024-02-08,BANGLADESH,Corn,0,0
2024-02-08,VIETNAM,Corn,0,0
2024-02-08,MALAYSIA,Corn,0,0
2024-02-08,INDONESIA,Corn,0,0
2024-02-08,PHILIPPINES,Corn,359,0
2024-02-08,"CHINA, PEOPLES REPUBLIC OF",Corn,2029,0
2024-02-08,"KOREA, REPUBLIC OF",Corn,22858,62748
2024-02-08,HONG KONG,Corn,153,0
2024-02-08,TAIWAN,Corn,54709,2678
2024-02-08,JAPAN,Corn,129585,115100
2024-02-08,NEW ZEALAND,Corn,0,0
2024-02-08,"OTHER PACIFIC ISLANDS, NEC",Corn,0,0
2024-02-08,MOROCCO,Corn,0,0
2024-02-08,ALGERIA,Corn,0,0
2024-02-08,TUNISIA,Corn,0,0
2024-02-08,EGYPT,Corn,0,0
2024-02-08,UNKNOWN,Corn,0,233000
2024-02-15,CANADA,Corn,5643,249
2024-02-15,MEXICO,Corn,368525,357082
2024-02-15,GUATEMALA,Corn,13743,28006
2024-02-15,EL SALVADOR,Corn,0,17284
2024-02-15,HONDURAS,Corn,47775,12759
2024-02-15,NICARAGUA,Corn,0,2500
2024-02-15,COSTA RICA,Corn,17000,2500
2024-02-15,PANAMA,Corn,0,0
2024-02-15,CUBA,Corn,0,0
2024-02-15,JAMAICA,Corn,20513,13
2024-02-15,HAITI,Corn,0,0
2024-02-15,DOMINICAN REPUBLIC,Corn,20424,424
2024-02-15,LEEWARD-WINDWARD ISLANDS,Corn,0,0
2024-02-15,BARBADOS,Corn,0,0
2024-02-15,TRINIDAD AND TOBAGO,Corn,0,0
2024-02-15,FRENCH WEST INDIES,Corn,0,0
2024-02-15,COLOMBIA,Corn,183210,101118
2024-02-15,VENEZUELA,Corn,0,55000
2024-02-15,GUYANA,Corn,0,0
2024-02-15,SURINAM,Corn,0,0
2024-02-15,ECUADOR,Corn,0,0
2024-02-15,PERU,Corn,0,0
2024-02-15,CHILE,Corn,0,0
2024-02-15,UNITED KINGDOM,Corn,44,0
2024-02-15,IRELAND,Corn,0,0
2024-02-15,FRANCE,Corn,0,0
2024-02-15,PORTUGAL,Corn,0,0
2024-02-15,ITALY,Corn,0,0
2024-02-15,ISRAEL,Corn,0,0
2024-02-15,JORDAN,Corn,0,0
2024-02-15,KUWAIT,Corn,0,0
2024-02-15,SAUDI ARABIA,Corn,71083,1083
2024-02-15,QATAR,Corn,0,0
2024-02-15,OMAN,Corn,0,0
2024-02-15,BAHRAIN,Corn,0,0
2024-02-15,PAKISTAN,Corn,0,0
2024-02-15,BANGLADESH,Corn,0,0
2024-02-15,VIETNAM,Corn,0,0
2024-02-15,MALAYSIA,Corn,639,0
2024-02-15,INDONESIA,Corn,0,0
2024-02-15,PHILIPPINES,Corn,0,0
2024-02-15,"CHINA, PEOPLES REPUBLIC OF",Corn,0,127
2024-02-15,"KOREA, REPUBLIC OF",Corn,0,1102
2024-02-15,HONG KONG,Corn,153,0
2024-02-15,TAIWAN,Corn,11996,1000
2024-02-15,JAPAN,Corn,241778,64868
2024-02-15,NEW ZEALAND,Corn,0,0
2024-02-15,"OTHER PACIFIC ISLANDS, NEC",Corn,0,0
2024-02-15,MOROCCO,Corn,21999,1999
2024-02-15,ALGERIA,Corn,0,0
2024-02-15,EGYPT,Corn,0,103
2024-02-15,UNKNOWN,Corn,0,262000
2024-02-22,CANADA,Corn,25311,12047
2024-02-22,MEXICO,Corn,477420,285783
2024-02-22,GUATEMALA,Corn,18381,1778
2024-02-22,EL SALVADOR,Corn,0,3294
2024-02-22,HONDURAS,Corn,15158,24957
2024-02-22,NICARAGUA,Corn,0,0
2024-02-22,COSTA RICA,Corn,6668,10668
2024-02-22,PANAMA,Corn,0,25900
2024-02-22,CUBA,Corn,0,0
2024-02-22,JAMAICA,Corn,2896,96
2024-02-22,HAITI,Corn,0,0
2024-02-22,DOMINICAN REPUBLIC,Corn,0,7000
2024-02-22,LEEWARD-WINDWARD ISLANDS,Corn,0,0
2024-02-22,BARBADOS,Corn,0,0
2024-02-22,TRINIDAD AND TOBAGO,Corn,4619,419
2024-02-22,FRENCH WEST INDIES,Corn,0,0
2024-02-22,COLOMBIA,Corn,143099,163547
2024-02-22,VENEZUELA,Corn,0,30000
2024-02-22,SURINAM,Corn,0,0
2024-02-22,ECUADOR,Corn,0,0
2024-02-22,PERU,Corn,0,0
2024-02-22,CHILE,Corn,0,0
2024-02-22,UNITED KINGDOM,Corn,0,0
2024-02-22,FRANCE,Corn,0,0
2024-02-22,PORTUGAL,Corn,0,0
2024-02-22,ITALY,Corn,0,0
2024-02-22,ISRAEL,Corn,0,0
2024-02-22,JORDAN,Corn,0,0
2024-02-22,SAUDI ARABIA,Corn,0,0
2024-02-22,QATAR,Corn,0,0
2024-02-22,UNITED ARAB EMIRATES,Corn,0,0
2024-02-22,OMAN,Corn,0,0
2024-02-22,BAHRAIN,Corn,0,0
2024-02-22,PAKISTAN,Corn,0,0
2024-02-22,BANGLADESH,Corn,0,0
2024-02-22,VIETNAM,Corn,0,0
2024-02-22,MALAYSIA,Corn,0,0
2024-02-22,INDONESIA,Corn,0,0
2024-02-22,PHILIPPINES,Corn,333,0
2024-02-22,"CHINA, PEOPLES REPUBLIC OF",Corn,127,10000
2024-02-22,"KOREA, REPUBLIC OF",Corn,130632,8919
2024-02-22,HONG KONG,Corn,500,348
2024-02-22,TAIWAN,Corn,4415,13275
2024-02-22,JAPAN,Corn,380007,215696
2024-02-22,"OTHER PACIFIC ISLANDS, NEC",Corn,0,0
2024-02-22,MOROCCO,Corn,6600,600
2024-02-22,TUNISIA,Corn,0,0
2024-02-22,EGYPT,Corn,0,0
2024-02-22,UNKNOWN,Corn,0,396332
2024-02-29,CANADA,Corn,2535,767
2024-02-29,MEXICO,Corn,476476,304899
2024-02-29,GUATEMALA,Corn,12115,165
2024-02-29,EL SALVADOR,Corn,26668,4430
2024-02-29,HONDURAS,Corn,48172,5900
2024-02-29,NICARAGUA,Corn,33971,21500
2024-02-29,COSTA RICA,Corn,11323,14000
2024-02-29,PANAMA,Corn,44075,34275
2024-02-29,CUBA,Corn,0,0
2024-02-29,JAMAICA,Corn,14345,40845
2024-02-29,HAITI,Corn,0,0
2024-02-29,DOMINICAN REPUBLIC,Corn,0,43000
2024-02-29,LEEWARD-WINDWARD ISLANDS,Corn,0,2800
2024-02-29,BARBADOS,Corn,0,0
2024-02-29,TRINIDAD AND TOBAGO,Corn,5760,360
2024-02-29,FRENCH WEST INDIES,Corn,0,5500
2024-02-29,COLOMBIA,Corn,140341,136134
2024-02-29,VENEZUELA,Corn,13677,61677
2024-02-29,SURINAM,Corn,0,0
2024-02-29,ECUADOR,Corn,0,0
2024-02-29,PERU,Corn,0,0
2024-02-29,CHILE,Corn,0,0
2024-02-29,UNITED KINGDOM,Corn,0,0
2024-02-29,FRANCE,Corn,0,0
2024-02-29,PORTUGAL,Corn,0,0
2024-02-29,ITALY,Corn,0,0
2024-02-29,ISRAEL,Corn,0,0
2024-02-29,JORDAN,Corn,0,0
2024-02-29,KUWAIT,Corn,0,0
2024-02-29,SAUDI ARABIA,Corn,0,0
2024-02-29,QATAR,Corn,0,0
2024-02-29,OMAN,Corn,0,0
2024-02-29,BAHRAIN,Corn,0,0
2024-02-29,PAKISTAN,Corn,0,0
2024-02-29,BANGLADESH,Corn,0,0
2024-02-29,VIETNAM,Corn,0,0
2024-02-29,MALAYSIA,Corn,0,0
2024-02-29,INDONESIA,Corn,0,0
2024-02-29,PHILIPPINES,Corn,18851,11
2024-02-29,"CHINA, PEOPLES REPUBLIC OF",Corn,0,2000
2024-02-29,"KOREA, REPUBLIC OF",Corn,393,2500
2024-02-29,HONG KONG,Corn,281,589
2024-02-29,TAIWAN,Corn,5158,9215
2024-02-29,JAPAN,Corn,305348,365004
2024-02-29,"OTHER PACIFIC ISLANDS, NEC",Corn,0,0
2024-02-29,MOROCCO,Corn,0,12000
2024-02-29,EGYPT,Corn,0,0
2024-02-29,UNKNOWN,Corn,0,147620
2024-03-07,CANADA,Corn,22705,5053
2024-03-07,MEXICO,Corn,466952,223957
2024-03-07,GUATEMALA,Corn,17413,35099
2024-03-07,EL SALVADOR,Corn,11147,593
2024-03-07,HONDURAS,Corn,0,26400
2024-03-07,NICARAGUA,Corn,9770,0
2024-03-07,COSTA RICA,Corn,2172,42481
2024-03-07,PANAMA,Corn,34924,3724
2024-03-07,CUBA,Corn,0,0
2024-03-07,JAMAICA,Corn,0,0
2024-03-07,HAITI,Corn,0,0
2024-03-07,DOMINICAN REPUBLIC,Corn,0,0
2024-03-07,LEEWARD-WINDWARD ISLANDS,Corn,0,0
2024-03-07,BARBADOS,Corn,8775,8775
2024-03-07,TRINIDAD AND TOBAGO,Corn,0,0
2024-03-07,FRENCH WEST INDIES,Corn,0,11200
2024-03-07,COLOMBIA,Corn,164403,71103
2024-03-07,VENEZUELA,Corn,0,7500
2024-03-07,SURINAM,Corn,0,0
2024-03-07,ECUADOR,Corn,0,0
2024-03-07,PERU,Corn,0,0
2024-03-07,CHILE,Corn,0,0
2024-03-07,UNITED KINGDOM,Corn,85,58
2024-03-07,IRELAND,Corn,0,0
2024-03-07,NETHERLANDS,Corn,0,0
2024-03-07,FRANCE,Corn,0,0
2024-03-07,SPAIN,Corn,0,0
2024-03-07,PORTUGAL,Corn,0,0
2024-03-07,ITALY,Corn,0,0
2024-03-07,LEBANON,Corn,0,0
2024-03-07,ISRAEL,Corn,0,0
2024-03-07,JORDAN,Corn,0,0
2024-03-07,KUWAIT,Corn,0,0
2024-03-07,SAUDI ARABIA,Corn,62374,72374
2024-03-07,QATAR,Corn,0,0
2024-03-07,OMAN,Corn,0,0
2024-03-07,BAHRAIN,Corn,0,0
2024-03-07,PAKISTAN,Corn,0,0
2024-03-07,BANGLADESH,Corn,0,0
2024-03-07,VIETNAM,Corn,0,0
2024-03-07,MALAYSIA,Corn,0,0
2024-03-07,PHILIPPINES,Corn,0,23
2024-03-07,"CHINA, PEOPLES REPUBLIC OF",Corn,67997,67997
2024-03-07,"KOREA, REPUBLIC OF",Corn,22,21
2024-03-07,HONG KONG,Corn,0,0
2024-03-07,TAIWAN,Corn,76746,191900
2024-03-07,JAPAN,Corn,313055,306819
2024-03-07,"OTHER PACIFIC ISLANDS, NEC",Corn,44,44
2024-03-07,MOROCCO,Corn,0,20000
2024-03-07,EGYPT,Corn,0,210
2024-03-07,UNKNOWN,Corn,0,319320
2024-03-14,CANADA,Corn,15693,43591
2024-03-14,MEXICO,Corn,761886,270845
2024-03-14,GUATEMALA,Corn,43366,2450
2024-03-14,EL SALVADOR,Corn,21700,2450
2024-03-14,HONDURAS,Corn,6966,102967
2024-03-14,NICARAGUA,Corn,9641,22939
2024-03-14,COSTA RICA,Corn,22516,27809
2024-03-14,PANAMA,Corn,23187,3187
2024-03-14,CUBA,Corn,0,0
2024-03-14,JAMAICA,Corn,7218,318
2024-03-14,HAITI,Corn,0,0
2024-03-14,DOMINICAN REPUBLIC,Corn,0,0
2024-03-14,LEEWARD-WINDWARD ISLANDS,Corn,0,850
2024-03-14,BARBADOS,Corn,0,3500
2024-03-14,TRINIDAD AND TOBAGO,Corn,0,0
2024-03-14,FRENCH WEST INDIES,Corn,0,0
2024-03-14,COLOMBIA,Corn,94323,52058
2024-03-14,VENEZUELA,Corn,33000,22500
2024-03-14,GUYANA,Corn,0,0
2024-03-14,SURINAM,Corn,0,0
2024-03-14,ECUADOR,Corn,0,0
2024-03-14,PERU,Corn,0,0
2024-03-14,CHILE,Corn,0,0
2024-03-14,UNITED KINGDOM,Corn,0,0
2024-03-14,IRELAND,Corn,0,0
2024-03-14,NETHERLANDS,Corn,0,0
2024-03-14,FRANCE,Corn,0,0
2024-03-14,SPAIN,Corn,0,0
2024-03-14,PORTUGAL,Corn,0,0
2024-03-14,ITALY,Corn,0,0
2024-03-14,LEBANON,Corn,0,0
2024-03-14,ISRAEL,Corn,0,0
2024-03-14,JORDAN,Corn,0,0
2024-03-14,SAUDI ARABIA,Corn,0,0
2024-03-14,QATAR,Corn,0,0
2024-03-14,OMAN,Corn,0,0
2024-03-14,PAKISTAN,Corn,0,0
2024-03-14,BANGLADESH,Corn,0,0
2024-03-14,VIETNAM,Corn,0,0
2024-03-14,MALAYSIA,Corn,0,11000
2024-03-14,PHILIPPINES,Corn,0,0
2024-03-14,"CHINA, PEOPLES REPUBLIC OF",Corn,0,0
2024-03-14,"KOREA, REPUBLIC OF",Corn,133930,4740
2024-03-14,HONG KONG,Corn,114,114
2024-03-14,TAIWAN,Corn,145332,101448
2024-03-14,JAPAN,Corn,209634,447394
2024-03-14,"OTHER PACIFIC ISLANDS, NEC",Corn,0,0
2024-03-14,MOROCCO,Corn,0,0
2024-03-14,TUNISIA,Corn,0,0
2024-03-14,EGYPT,Corn,0,0
2024-03-14,UNKNOWN,Corn,0,267144
2024-03-21,CANADA,Corn,27013,190866
2024-03-21,MEXICO,Corn,426752,392621
2024-03-21,GUATEMALA,Corn,43977,320
2024-03-21,EL SALVADOR,Corn,9849,5969
2024-03-21,HONDURAS,Corn,0,18032
2024-03-21,NICARAGUA,Corn,26977,39564
2024-03-21,COSTA RICA,Corn,24021,64115
2024-03-21,PANAMA,Corn,22219,2019
2024-03-21,CUBA,Corn,0,0
2024-03-21,JAMAICA,Corn,0,8600
2024-03-21,DOMINICAN REPUBLIC,Corn,23503,6003
2024-03-21,LEEWARD-WINDWARD ISLANDS,Corn,825,75
2024-03-21,BARBADOS,Corn,1000,0
2024-03-21,TRINIDAD AND TOBAGO,Corn,4325,4325
2024-03-21,FRENCH WEST INDIES,Corn,0,0
2024-03-21,COLOMBIA,Corn,167757,104157
2024-03-21,VENEZUELA,Corn,0,0
2024-03-21,SURINAM,Corn,0,0
2024-03-21,ECUADOR,Corn,0,0
2024-03-21,PERU,Corn,0,0
2024-03-21,CHILE,Corn,0,0
2024-03-21,UNITED KINGDOM,Corn,0,0
2024-03-21,IRELAND,Corn,0,0
2024-03-21,NETHERLANDS,Corn,0,0
2024-03-21,FRANCE,Corn,0,0
2024-03-21,GERMANY,Corn,0,0
2024-03-21,SPAIN,Corn,0,0
2024-03-21,PORTUGAL,Corn,0,0
2024-03-21,ITALY,Corn,0,0
2024-03-21,LEBANON,Corn,0,0
2024-03-21,ISRAEL,Corn,0,0
2024-03-21,JORDAN,Corn,0,0
2024-03-21,SAUDI ARABIA,Corn,0,0
2024-03-21,QATAR,Corn,0,0
2024-03-21,OMAN,Corn,0,0
2024-03-21,PAKISTAN,Corn,0,0
2024-03-21,BANGLADESH,Corn,0,0
2024-03-21,VIETNAM,Corn,0,0
2024-03-21,MALAYSIA,Corn,0,0
2024-03-21,INDONESIA,Corn,0,0
2024-03-21,PHILIPPINES,Corn,0,0
2024-03-21,"CHINA, PEOPLES REPUBLIC OF",Corn,0,9000
2024-03-21,"KOREA, REPUBLIC OF",Corn,209437,8803
2024-03-21,HONG KONG,Corn,0,0
2024-03-21,TAIWAN,Corn,8931,3500
2024-03-21,JAPAN,Corn,237500,90500
2024-03-21,"OTHER PACIFIC ISLANDS, NEC",Corn,0,0
2024-03-21,MOROCCO,Corn,0,0
2024-03-21,TUNISIA,Corn,0,0
2024-03-21,EGYPT,Corn,0,637
2024-03-21,UNKNOWN,Corn,0,325000
2024-03-28,CANADA,Corn,154187,4962
2024-03-28,MEXICO,Corn,450210,386428
2024-03-28,GUATEMALA,Corn,29700,43700
2024-03-28,EL SALVADOR,Corn,5687,381
2024-03-28,HONDURAS,Corn,96991,14906
2024-03-28,NICARAGUA,Corn,0,22500
2024-03-28,COSTA RICA,Corn,0,30988
2024-03-28,PANAMA,Corn,13079,20079
2024-03-28,CUBA,Corn,0,0
2024-03-28,JAMAICA,Corn,2899,99
2024-03-28,HAITI,Corn,0,0
2024-03-28,DOMINICAN REPUBLIC,Corn,61231,4091
2024-03-28,LEEWARD-WINDWARD ISLANDS,Corn,2800,0
2024-03-28,BARBADOS,Corn,0,0
2024-03-28,TRINIDAD AND TOBAGO,Corn,0,3600
2024-03-28,FRENCH WEST INDIES,Corn,0,0
2024-03-28,COLOMBIA,Corn,130753,107268
2024-03-28,VENEZUELA,Corn,40782,43956
2024-03-28,GUYANA,Corn,0,0
2024-03-28,SURINAM,Corn,0,0
2024-03-28,ECUADOR,Corn,0,0
2024-03-28,PERU,Corn,0,0
2024-03-28,UNITED KINGDOM,Corn,19,0
2024-03-28,IRELAND,Corn,0,0
2024-03-28,NETHERLANDS,Corn,0,0
2024-03-28,FRANCE,Corn,0,0
2024-03-28,GERMANY,Corn,0,0
2024-03-28,SPAIN,Corn,0,0
2024-03-28,PORTUGAL,Corn,0,0
2024-03-28,ITALY,Corn,0,0
2024-03-28,ISRAEL,Corn,0,0
2024-03-28,JORDAN,Corn,0,21
2024-03-28,SAUDI ARABIA,Corn,0,70000
2024-03-28,QATAR,Corn,0,0
2024-03-28,OMAN,Corn,0,0
2024-03-28,PAKISTAN,Corn,0,0
2024-03-28,BANGLADESH,Corn,0,0
2024-03-28,VIETNAM,Corn,0,0
2024-03-28,MALAYSIA,Corn,0,0
2024-03-28,PHILIPPINES,Corn,696,0
2024-03-28,"CHINA, PEOPLES REPUBLIC OF",Corn,69383,5383
2024-03-28,"KOREA, REPUBLIC OF",Corn,93160,128317
2024-03-28,HONG KONG,Corn,282,282
2024-03-28,TAIWAN,Corn,81814,39768
2024-03-28,JAPAN,Corn,407715,237417
2024-03-28,"OTHER PACIFIC ISLANDS, NEC",Corn,0,0
2024-03-28,MOROCCO,Corn,0,4000
2024-03-28,TUNISIA,Corn,0,0
2024-03-28,EGYPT,Corn,0,637
2024-03-28,UNKNOWN,Corn,0,87620
2024-04-04,CANADA,Corn,15446,11999
2024-04-04,MEXICO,Corn,672453,149527
2024-04-04,GUATEMALA,Corn,46644,1602
2024-04-04,EL SALVADOR,Corn,34194,13901
2024-04-04,HONDURAS,Corn,0,8900
2024-04-04,NICARAGUA,Corn,15237,237
2024-04-04,COSTA RICA,Corn,0,0
2024-04-04,PANAMA,Corn,0,0
2024-04-04,CUBA,Corn,0,0
2024-04-04,JAMAICA,Corn,21000,0
2024-04-04,HAITI,Corn,0,0
2024-04-04,DOMINICAN REPUBLIC,Corn,0,0
2024-04-04,LEEWARD-WINDWARD ISLANDS,Corn,0,0
2024-04-04,BARBADOS,Corn,0,0
2024-04-04,TRINIDAD AND TOBAGO,Corn,0,0
2024-04-04,FRENCH WEST INDIES,Corn,0,0
2024-04-04,COLOMBIA,Corn,48812,30639
2024-04-04,VENEZUELA,Corn,18060,32200
2024-04-04,SURINAM,Corn,0,0
2024-04-04,ECUADOR,Corn,0,0
2024-04-04,PERU,Corn,0,0
2024-04-04,CHILE,Corn,0,0
2024-04-04,UNITED KINGDOM,Corn,22,0
2024-04-04,IRELAND,Corn,0,0
2024-04-04,NETHERLANDS,Corn,0,0
2024-04-04,FRANCE,Corn,0,0
2024-04-04,GERMANY,Corn,0,0
2024-04-04,SPAIN,Corn,0,0
2024-04-04,PORTUGAL,Corn,0,0
2024-04-04,ITALY,Corn,0,0
2024-04-04,ISRAEL,Corn,0,0
2024-04-04,JORDAN,Corn,0,0
2024-04-04,SAUDI ARABIA,Corn,0,0
2024-04-04,QATAR,Corn,0,0
2024-04-04,OMAN,Corn,0,0
2024-04-04,PAKISTAN,Corn,0,0
2024-04-04,BANGLADESH,Corn,0,0
2024-04-04,VIETNAM,Corn,0,0
2024-04-04,MALAYSIA,Corn,0,0
2024-04-04,PHILIPPINES,Corn,509,14000
2024-04-04,"CHINA, PEOPLES REPUBLIC OF",Corn,66539,1439
2024-04-04,"KOREA, REPUBLIC OF",Corn,139502,7370
2024-04-04,HONG KONG,Corn,354,1110
2024-04-04,TAIWAN,Corn,79424,12799
2024-04-04,JAPAN,Corn,398601,219648
2024-04-04,"OTHER PACIFIC ISLANDS, NEC",Corn,0,0
2024-04-04,MOROCCO,Corn,0,0
2024-04-04,ALGERIA,Corn,0,0
2024-04-04,TUNISIA,Corn,0,0
2024-04-04,EGYPT,Corn,0,0
2024-04-04,UNKNOWN,Corn,0,113692
2024-04-11,CANADA,Corn,32995,22709
2024-04-11,MEXICO,Corn,515433,88684
2024-04-11,GUATEMALA,Corn,20629,0
2024-04-11,EL SALVADOR,Corn,881,1270
2024-04-11,HONDURAS,Corn,0,32106
2024-04-11,NICARAGUA,Corn,0,0
2024-04-11,COSTA RICA,Corn,0,8636
2024-04-11,PANAMA,Corn,0,0
2024-04-11,CUBA,Corn,0,0
2024-04-11,JAMAICA,Corn,28116,22215
2024-04-11,HAITI,Corn,0,0
2024-04-11,DOMINICAN REPUBLIC,Corn,0,0
2024-04-11,LEEWARD-WINDWARD ISLANDS,Corn,0,0
2024-04-11,BARBADOS,Corn,0,0
2024-04-11,TRINIDAD AND TOBAGO,Corn,6966,0
2024-04-11,FRENCH WEST INDIES,Corn,0,0
2024-04-11,COLOMBIA,Corn,313126,134824
2024-04-11,VENEZUELA,Corn,32998,32998
2024-04-11,GUYANA,Corn,0,0
2024-04-11,SURINAM,Corn,0,0
2024-04-11,ECUADOR,Corn,0,0
2024-04-11,PERU,Corn,0,0
2024-04-11,CHILE,Corn,0,0
2024-04-11,UNITED KINGDOM,Corn,0,0
2024-04-11,IRELAND,Corn,0,0
2024-04-11,NETHERLANDS,Corn,0,0
2024-04-11,FRANCE,Corn,0,0
2024-04-11,GERMANY,Corn,0,0
2024-04-11,SPAIN,Corn,0,0
2024-04-11,PORTUGAL,Corn,0,0
2024-04-11,ITALY,Corn,0,0
2024-04-11,IRAQ,Corn,0,0
2024-04-11,ISRAEL,Corn,0,0
2024-04-11,JORDAN,Corn,0,0
2024-04-11,SAUDI ARABIA,Corn,0,55000
2024-04-11,QATAR,Corn,0,0
2024-04-11,OMAN,Corn,0,0
2024-04-11,PAKISTAN,Corn,0,0
2024-04-11,BANGLADESH,Corn,0,15
2024-04-11,VIETNAM,Corn,0,0
2024-04-11,MALAYSIA,Corn,645,0
2024-04-11,INDONESIA,Corn,0,0
2024-04-11,PHILIPPINES,Corn,13773,0
2024-04-11,"CHINA, PEOPLES REPUBLIC OF",Corn,71499,6499
2024-04-11,"KOREA, REPUBLIC OF",Corn,192810,9810
2024-04-11,HONG KONG,Corn,0,0
2024-04-11,TAIWAN,Corn,15190,3306
2024-04-11,JAPAN,Corn,293486,75196
2024-04-11,"OTHER PACIFIC ISLANDS, NEC",Corn,0,0
2024-04-11,MOROCCO,Corn,7699,1499
2024-04-11,ALGERIA,Corn,0,0
2024-04-11,TUNISIA,Corn,0,0
2024-04-11,EGYPT,Corn,0,120
2024-04-11,UNKNOWN,Corn,0,279240
